User,Content,Date,Favs,RTs
SenJohnBarrasso,"It‚Äôs #LemonadeDay in Casper today. The @LemonadeDay program teaches youth how to start, own and operate their own b‚Ä¶ https://t.co/VPO5GUEIXE",2022-06-25 18:54:27+00:00,33,10
MarshaBlackburn,The Constitution does not grant the right to an abortion.,2022-06-25 19:33:52+00:00,23194,2956
RoyBlunt,We spoke on the Senate floor today to highlight the major impact the Excellence in Mental Health provisions in the‚Ä¶ https://t.co/SpJAKG9on1,2022-06-23 23:35:57+00:00,20,1
JohnBoozman,RT @SenateAgGOP: Great to see this bipartisan bill come together and become law in a timely manner.  Learn more about the bill here: https:‚Ä¶,2022-06-25 13:36:09+00:00,0,2
SenatorBraun,"After 50 years, the right to life has finally been returned to the people and their elected representatives. I‚Äôm ex‚Ä¶ https://t.co/NN4KdVpooB",2022-06-24 14:43:46+00:00,327,56
SenatorBurr,"My statement on the passing of Marc Basnight, who led the North Carolina Senate for nearly two decades: https://t.co/wu8iwEL455",2020-12-29 02:30:52+00:00,193,21
SenCapito,"There is so much to do around @NewRiverNPS this summer! 

Dozens of towns, tons of great restaurants, and countless‚Ä¶ https://t.co/3guzmGm9bH",2022-06-26 14:00:02+00:00,5,2
SenBillCassidy,- Philippians 4:6 https://t.co/WJiU3YRVf7,2022-06-26 12:55:09+00:00,21,3
SenatorCollins,The average list price of insulin nearly doubled between 2012 and 2016. A bill @SenatorShaheen and I unveiled would‚Ä¶ https://t.co/MIPLdqUH1F,2022-06-23 14:18:47+00:00,101,20
JohnCornyn,"On this day in history, U.S. begins Berlin Airlift https://t.co/QzEpbG9Ls7",2022-06-26 13:54:38+00:00,9,4
SenTomCotton,"If you don‚Äôt conform to the left‚Äôs new gender ideologies, you could lose your job or get kicked out of school.

Tha‚Ä¶ https://t.co/vzQQuCLpp5",2022-06-24 21:09:10+00:00,169,63
SenKevinCramer,A detailed report from @SenateForeign reaffirms @POTUS' open border policies are resulting in a flood of criminals‚Ä¶ https://t.co/XpT1hnSvj1,2022-06-24 20:00:01+00:00,6,5
MikeCrapo,I issued the following statement upon the Supreme Court‚Äôs final ruling in Dobbs v. Jackson Women‚Äôs Health Organizat‚Ä¶ https://t.co/XMNmA2u3Vf,2022-06-24 15:33:12+00:00,33,10
SenTedCruz,"Overturning Roe is not banning abortion.
 
It is giving it back to the states ‚Äì like it was before Roe was wrongly‚Ä¶ https://t.co/5CWMR0jD6L",2022-06-25 21:39:12+00:00,9145,1713
SteveDaines,Thankful for the swift actions of Montana‚Äôs first responders &amp; the maintenance staff that no doubt saved lives at t‚Ä¶ https://t.co/Mmx45XIh4W,2022-06-26 00:03:01+00:00,17,4
SenJoniErnst,.@POTUS started a war on American energy on his first day in office.,2022-06-25 19:23:07+00:00,982,124
SenatorFischer,https://t.co/xMMuDPD63p,2022-06-24 15:01:33+00:00,50,12
LindseyGrahamSC,"RT @marthamaccallum: GA Gubernatorial Candidate ‚Å¶@staceyabrams‚Å©, Senator ‚Å¶@LindseyGrahamSC‚Å© + more. Join me on ‚Å¶@FoxNewsSunday‚Å© @ 2pmEST @f‚Ä¶",2022-06-26 13:24:19+00:00,0,11
ChuckGrassley,Corn 36 inches. Grew 19 inches in last week #cornwatch https://t.co/hHuDsKXuE1,2022-06-25 17:44:48+00:00,1351,144
SenatorHagerty,"Before Biden came into office, we were looking at gas prices just above $2 a gallon. We were energy-independent. We‚Ä¶ https://t.co/6vVC8QlPnh",2022-06-25 23:23:21+00:00,271,82
HawleyMO,"Erin shares her personal journey litigating the Dobbs case overturning Roe, and why it matters to her as a mother 

https://t.co/oD09WshQ8a",2022-06-25 18:30:46+00:00,634,119
SenJohnHoeven,"Met with ND students participating in the @NDAREC Youth Tour to Washington, DC. This program presents a great oppor‚Ä¶ https://t.co/txo0c0Vxme",2022-06-25 14:22:33+00:00,8,2
SenHydeSmith,Let‚Äôs go #RebsBSB! Game 2 of the finals series today! #HottyToddy https://t.co/jq2Sz37hEU,2022-06-26 13:29:58+00:00,0,1
JimInhofe,"We need to keep pace with our greatest threat, China, while responding to the severe challenges posed by Vladimir P‚Ä¶ https://t.co/ved2YLyCDV",2022-06-25 14:30:01+00:00,16,4
SenRonJohnson,Today is a victory for life and for those who have fought for decades to protect the unborn. For almost 50 years th‚Ä¶ https://t.co/XGE3TeikNQ,2022-06-24 15:09:06+00:00,655,135
SenJohnKennedy,"Despite attempts to intimidate the justices, they did their work. 

Roe v. Wade has misrepresented the Constitution‚Ä¶ https://t.co/Is2hjERQug",2022-06-24 16:24:47+00:00,1488,307
SenatorLankford,Today is a historic day for our nation &amp; for life! https://t.co/wgu4tDi1Qw,2022-06-24 19:10:13+00:00,140,22
SenMikeLee,SCOTUS overturns Roe. https://t.co/uvBwuo9WUL,2022-06-24 18:35:08+00:00,336,49
SenLummis,"Despite heavy damage to the northern loop, Yellowstone‚Äôs southern loop is open for visitors. Check out the map belo‚Ä¶ https://t.co/DcUTIHp4g6",2022-06-24 19:31:19+00:00,45,5
JerryMoran,"Today, nearly 50 years after Roe v. Wade, the Supreme Court ruled there is no constitutional right to abortion. As‚Ä¶ https://t.co/K9MhWDki5l",2022-06-24 14:42:38+00:00,74,9
lisamurkowski,"The Bipartisan Safer Communities Act is now law. It provides investments for school safety &amp; violence prevention, t‚Ä¶ https://t.co/Z8ob0C8gJi",2022-06-26 00:19:13+00:00,56,7
RandPaul,"I‚Äôve been the sponsor of a federal law to overturn Roe since I came to Washington, and I‚Äôm pleased to see the court‚Ä¶ https://t.co/NH32ipwFJL",2022-06-24 17:02:30+00:00,6318,517
senrobportman,"I am pleased that the EU granted #Ukraine candidate status this week. The #Ukrainian people are brave, resilient, a‚Ä¶ https://t.co/ocPkZpHfVN",2022-06-26 13:55:40+00:00,5,1
SenatorRisch,"The most basic right we as humans have is the right to life.
 
My full statement on the Supreme Court‚Äôs ruling to o‚Ä¶ https://t.co/2rIFOus9Tt",2022-06-24 14:35:33+00:00,83,25
SenatorRomney,My statement regarding the Supreme Court decision in Dobbs v. Jackson Women‚Äôs Health Organization: https://t.co/VVcy1nff33,2022-06-24 16:19:41+00:00,1100,149
SenatorRounds,RT @TeamCavuto: .@SenatorRounds to Neil: The reality is that this inflationary trend started when he became President. A lot of it has to d‚Ä¶,2022-06-17 21:44:26+00:00,0,15
marcorubio,They want people to be outraged that the Supreme Court has returned the power to the people https://t.co/5VQNsx0VRh,2022-06-25 12:55:52+00:00,2764,510
SenSasse,"When Ukraine asks, our response should be ""how fast can we get it there?"" not ""how will the lawyers explain this?""‚Ä¶ https://t.co/HXAn05wJCM",2022-03-16 11:56:15+00:00,1113,209
SenRickScott,"I believe life begins at conception because I believe in science and place value in every life, born and unborn.‚Ä¶ https://t.co/lMTrDSdbAI",2022-06-25 16:03:12+00:00,308,55
SenatorTimScott,"About to join @Kilmeade¬†to talk about the big news of the week.
¬†
Tune in!",2022-06-25 20:48:29+00:00,252,22
SenShelby,"Today, @SCOTUS reversed its 1973 Roe v. Wade decision, which I have long-believed was unconstitutional. This is wel‚Ä¶ https://t.co/gnsuI0d24k",2022-06-24 14:44:58+00:00,16,6
SenDanSullivan,My statement on the Supreme Court's ruling today in Dobbs v. Jackson Women's Health Organization: https://t.co/jMTto9DgW3,2022-06-24 19:07:32+00:00,29,7
SenJohnThune,Today is a day for which millions of Americans ‚Äî myself included ‚Äî have worked and prayed. Overturning Roe v. Wade‚Ä¶ https://t.co/epI6XAf9Ne,2022-06-24 14:35:16+00:00,1470,152
SenThomTillis,https://t.co/Vb0VFsNvFJ,2022-06-24 14:36:18+00:00,119,24
SenToomey,"Precedents that are wrongly decided should be overturned, just as Brown v. Board of Education was right to overturn‚Ä¶ https://t.co/CjA4Nx3jIm",2022-06-24 14:30:43+00:00,50,9
SenTuberville,"For you formed my inward parts; you knitted me together in my mother‚Äôs womb. I praise you, for I am fearfully and w‚Ä¶ https://t.co/UhiKZP6AVy",2022-06-26 13:23:00+00:00,43,11
SenatorWicker,"RT @OleMissBSB: It's championship series GAMEDAY!

‚è∞ 6 p.m. CT
üÜö No. 4 Oklahoma
üìç #OleMaha, Neb.
üèü Charles Schwab Field
üì∫ ESPN
üíª https://t.‚Ä¶",2022-06-25 18:58:29+00:00,0,149
SenToddYoung,"Chinese company ByteDance, which owns TikTok, had access to data of American users for months. We need answers from‚Ä¶ https://t.co/fPjrCFxD44",2022-06-24 18:27:39+00:00,16,7
Robert_Aderholt,Today is a watershed moment in the fight for life. The Court‚Äôs decision is a landmark in the effort to protect the‚Ä¶ https://t.co/dFUegfgGbe,2022-06-24 14:31:50+00:00,23,7
RepRickAllen,"Thanks to @HouseAgGOP and Ranking Member @CongressmanGT for hosting today‚Äôs forum. 

Until we unleash American ener‚Ä¶ https://t.co/TTCK4Nkc2B",2022-06-24 21:03:16+00:00,3,1
MarkAmodeiNV2,"My statement on this week's anti-Second Amendment partisan political agendas ‚¨áÔ∏è
https://t.co/9kPT4YNEkh",2022-06-24 21:49:16+00:00,1,1
RepArmstrongND,"Today, I voted against the most recent gun control package in the House. Find my statement below. https://t.co/8DZIy3K55T",2022-06-24 19:19:27+00:00,22,4
RepArrington,"By creating a national abortion policy in 1973, the Supreme Court acted as a legislative body, which severed the co‚Ä¶ https://t.co/WFEEvzKNZJ",2022-06-24 20:04:52+00:00,14,4
RepBrianBabin,In response to the passage of the Senate‚Äôs gun control package: https://t.co/6xibtOf6o0,2022-06-25 02:36:30+00:00,16,5
RepDonBacon,Commercial Driver's Licenses are needed to keep our supply chain functioning. This is especially true for those tra‚Ä¶ https://t.co/qGXTVVUPkp,2022-06-26 14:01:22+00:00,3,1
RepJimBaird,Congrats to @IveyJaden on your first-round selection by the Pistons! #BoilerUp https://t.co/Hj48cSmB43,2022-06-24 15:30:45+00:00,3,0
RepBalderson,"Rather than preempting state-level policymaking, as has been the case for the intervening decades since Roe v. Wade‚Ä¶ https://t.co/pksJRY3UhJ",2022-06-24 14:55:50+00:00,7,1
RepJimBanks,There is no constitutional right to abortion!,2022-06-25 20:55:19+00:00,433,68
RepAndyBarr,That‚Äôs why I‚Äôm leading legislation in Congress requiring asset managers to prioritize financial returns over politi‚Ä¶ https://t.co/zMbe6QDQhQ,2022-06-24 20:44:52+00:00,27,7
RepBentz,"A momentous decision. Every human life is sacred. 

https://t.co/GxLm5q4FHZ",2022-06-24 14:52:02+00:00,315,55
RepJackBergman,"The Supreme Court got it right. 

The ruling today on Roe properly returns power to the states and ends decades of‚Ä¶ https://t.co/5wtsq0MqNC",2022-06-24 14:55:22+00:00,27,4
RepBice,"Soon- I‚Äôll be joining @RitaCosby on @newsmax to discuss the recent SCOTUS decision, skyrocketing inflation, and out‚Ä¶ https://t.co/VJlIrxUNvO",2022-06-25 13:45:21+00:00,10,2
RepAndyBiggsAZ,"Pro-abortion insurrectionists are attacking our cities. 

Democrats must condemn this violence. 

Law and order is‚Ä¶ https://t.co/5EGFO7pegv",2022-06-25 18:48:05+00:00,721,284
RepGusBilirakis,https://t.co/gJhV2ump4z,2022-06-24 18:46:24+00:00,15,7
RepDanBishop,"RT @JudiciaryGOP: Day 1 in a post-Roe America. 

üá∫üá∏üá∫üá∏üá∫üá∏",2022-06-25 18:38:23+00:00,0,321
RepBoebert,"‚ÄúWhen justice is done, it brings joy to the righteous, but terror to evildoers.‚Äù - Proverbs 21:15",2022-06-25 16:31:51+00:00,11551,2113
RepBost,"As liberals in Illinois and Washington undoubtedly push forward with their abortion on-demand agenda, I‚Äôll keep fig‚Ä¶ https://t.co/3o0FJqpFp9",2022-06-24 16:28:19+00:00,12,1
RepKevinBrady,"While the gun bill did include some ideas I support &amp; rejected extreme laws demanded by Democrats, I regrettably ca‚Ä¶ https://t.co/w12MLmImoN",2022-06-24 20:11:31+00:00,15,4
RepMoBrooks,"Today, I sent a letter to members of the January 6th Committee explaining my requirements in order to voluntarily s‚Ä¶ https://t.co/BUZjDGoEs1",2022-06-23 21:37:13+00:00,1025,337
VernBuchanan,"Today, the Supreme Court overturned Roe v. Wade and sent the abortion issue back to the states ‚Äì where it belongs.‚Ä¶ https://t.co/4Xd0OJmGgH",2022-06-24 16:00:46+00:00,33,9
RepKenBuck,Jane‚Äôs Revenge is a domestic terror group.,2022-06-24 19:09:32+00:00,203,57
RepLarryBucshon,"RT @HouseGOP: Every unborn child is precious, extraordinary, and worthy of protection, and the Supreme Court‚Äôs decision in Dobbs v. Jackson‚Ä¶",2022-06-26 02:06:25+00:00,0,76
RepTedBudd,Today‚Äôs ruling by the Supreme Court is a historic victory for the millions of Americans who believe that every life‚Ä¶ https://t.co/q91bFVMiXL,2022-06-24 14:42:42+00:00,106,33
RepTimBurchett,I joined The Knoxville Area Korean-American Association today to honor our local Korean War veterans for their serv‚Ä¶ https://t.co/MbaLKjCWsf,2022-06-25 15:56:38+00:00,23,4
michaelcburgess,"During the @HouseGOP press conference today, I reflected on when Roe v. Wade was decided. I am grateful that it was‚Ä¶ https://t.co/KBc9QOWPMZ",2022-06-24 21:35:58+00:00,231,30
KenCalvert,"At a time when President Biden can find a way to hold outdoor political events, it‚Äôs shocking his administration ca‚Ä¶ https://t.co/5PsGm30pZw",2021-05-03 22:09:22+00:00,35,9
RepKatCammack,"Life, liberty, and the pursuit of happiness are key tenets upon which our nation was founded. Life wins and solidif‚Ä¶ https://t.co/col2Hl3NAA",2022-06-25 14:45:00+00:00,33,7
RepMikeCarey,My statement on today‚Äôs historic Supreme Court decision: https://t.co/lBLX57QJSn,2022-06-24 15:35:04+00:00,72,8
RepJerryCarl,"We have real problems in this country that need to be addressed, but this bill doesn‚Äôt include increased security o‚Ä¶ https://t.co/3JECOtRkLH",2022-06-25 12:39:12+00:00,9,1
RepBuddyCarter,My statement on today‚Äôs landmark Supreme Court decision‚¨áÔ∏è https://t.co/uCMuhw1Q9u,2022-06-24 16:22:00+00:00,9,5
JudgeCarter,"While today is a victory for the pro-life movement, it is not the end, but a new beginning. We must remain vigilant‚Ä¶ https://t.co/Mpl1HIp42L",2022-06-24 17:14:36+00:00,3,0
RepCawthorn,"RT @RepTroyNehls: Right now, you are choosing between buying groceries for your family and filling up your car, and Democrats do not care.‚Ä¶",2022-06-22 17:59:42+00:00,0,386
RepSteveChabot,"Today, @RepMarcyKaptur and I met with @USAmbKyiv. As Deans of the Ohio Delegation, Rep. Kaptur and I look forward t‚Ä¶ https://t.co/xt21ersJl5",2022-06-23 22:10:24+00:00,3,2
RepLizCheney,"4-H empowers students with the skills, values, &amp; experience to be leaders ‚Äì and I'm proud to be a member of the @4H‚Ä¶ https://t.co/eyW9ujiF1z",2022-06-25 20:22:35+00:00,564,36
RepBenCline,All Virginians should condemn this senseless act of violence. We stand in strong support of the outstanding staff a‚Ä¶ https://t.co/UaB0KPO9tG,2022-06-26 01:10:06+00:00,158,44
RepCloudTX,"Today will be remembered in our nation‚Äôs history as one of the greatest milestones in the fight for life.

Our God-‚Ä¶ https://t.co/svVUkoiFyX",2022-06-24 14:22:34+00:00,35,9
nananisanyo,https://t.co/jtvSwiyDHm,2021-02-19 05:28:37+00:00,0,0
TomColeOK04,"As a proud defender of unborn life throughout my entire career, both in Congress &amp; in the Oklahoma State Legislatur‚Ä¶ https://t.co/sArGWDloDx",2022-06-24 14:43:40+00:00,6,3
RepJamesComer,RT @JustTheNews: Watch #JustTheNewsNotNoise with @jsolomonReports and @AmandaHead¬†as they analyze #SCOTUS‚Äôs #Dobbs decision that just overt‚Ä¶,2022-06-25 20:52:35+00:00,0,5
RepRickCrawford,"My statement on the apparent leak of a draft SCOTUS ruling which would overturn Roe v. Wade: 
https://t.co/uadDFnTxe1 
#arpx #SCOTUS",2022-05-03 14:40:26+00:00,7,3
RepDanCrenshaw,"NEW EPISODE! 

 @RepGarretGraves joins me to discuss an important pillar of the Republicans Energy, Climate, and Co‚Ä¶ https://t.co/RxT1RGmdY4",2022-06-17 14:15:56+00:00,77,17
RepJohnCurtis,I am proud to witness today‚Äôs Supreme Court ruling in favor of human life. My full statement ‚¨áÔ∏è #utpol https://t.co/YBsytaf4kZ,2022-06-24 14:36:43+00:00,58,15
WarrenDavidson,Thankful! https://t.co/BB8y2PKRwv,2022-06-26 00:54:11+00:00,91,8
RodneyDavis,RT @HouseGOP: Americans are paying more for just about everything because of #Bidenflation this July 4th. https://t.co/amyMfa6PLp,2022-06-25 15:14:49+00:00,0,190
DesJarlaisTN04,To vote to allow this for one group versus the other highlights how things are being run in Washington these days.‚Ä¶ https://t.co/BftRbqWttr,2022-06-23 18:47:45+00:00,5,0
MarioDB,Las infames condenas de @LMOAlcantara y @MaykelOsorbo349 son otro intento cobarde de la dictadura cubana para intim‚Ä¶ https://t.co/FsnRDRE3D8,2022-06-25 13:45:30+00:00,128,46
RepDonaldsPress,"RT @AbsoluteWithE: The Supreme Court has overturned Roe vs Wade!

Congressman @ByronDonalds reacts to their ruling!

Watch Emerald Robinson‚Ä¶",2022-06-24 21:54:33+00:00,0,14
RepJeffDuncan,Jane's Revenge is a domestic terrorist group violently attacking &amp; vandalizing pro-life pregnancy centers. The Bide‚Ä¶ https://t.co/y8OFtTpHl5,2022-06-24 20:57:45+00:00,41,17
DrNealDunnFL2,"Earlier this week, the House passed H.R. 7666, the Restoring Hope for Mental Health and Well-Being Act, with my sup‚Ä¶ https://t.co/lq06ii4GM9",2022-06-25 01:41:29+00:00,6,0
RepEllzey,"Today, life wins. https://t.co/dH0ErTWISI",2022-06-24 15:25:11+00:00,170,28
RepTomEmmer,"Today, I had the chance to meet with Matthew Scherber, Sixth District Congressional Art Competition winner. 

Great‚Ä¶ https://t.co/42Rhs1zlAw",2022-06-24 13:58:27+00:00,17,2
RepRonEstes,My statement on today's life-saving decision from the Supreme Court. https://t.co/oisrPqPZQS,2022-06-24 15:10:17+00:00,23,7
RepPatFallon,"My good friend @Jim_Jordan is hitting the nail on the head!

üëáüëáüëá https://t.co/yF5BZZhsh2",2022-06-25 18:23:00+00:00,2228,348
RepFeenstra,"As a Christian and father of four, I will always protect the unborn and vote to ensure that every child is guarante‚Ä¶ https://t.co/axoYGRH15A",2022-06-24 15:05:46+00:00,2,0
RepDrewFerguson,https://t.co/pg4O1ZsXXU,2022-06-24 20:47:40+00:00,14,3
RepFischbach,House Democrats and the Biden administration are beyond out of touch with the biggest crises facing Americans today. https://t.co/NAwWkczIUT,2022-06-26 00:17:00+00:00,7,3
RepFitzgerald,"The decision is a major victory for the pro-life movement and the unborn. 

Roe v. Wade was wrongly decided, and th‚Ä¶ https://t.co/aiwWIBnnoF",2022-06-24 14:18:38+00:00,6,0
RepBrianFitz,&amp; implemented various extracurricular initiatives that have served as a model for districts nationwide. Please join‚Ä¶ https://t.co/9Xv9PbXDtG,2022-06-26 13:21:52+00:00,0,0
RepChuck,"RT @HouseAppropsGOP: Committee Republicans Object to Homeland Security and Financial Services-General Government Bills

See what @RepKayGra‚Ä¶",2022-06-25 16:51:54+00:00,0,3
JeffFortenberry,Pleased to welcome home the 67th Maneuver Enhancement Brigade from their deployment in Djibouti. Thank you all for‚Ä¶ https://t.co/9TEFerIYfS,2022-03-11 21:15:37+00:00,15,3
virginiafoxx,"RT @EdLaborGOP: ""ONE-SIZE-FITS-ALL,"" write @virginiafoxx and @MMM in a letter to @secmartywalsh slamming @DOL's Wagner-Peyser rule, which w‚Ä¶",2022-06-24 20:51:30+00:00,0,2
RepFranklin,https://t.co/Ob9BReRfTV,2022-06-24 17:28:05+00:00,3,0
RepRussFulcher,S. 2938 curtails due process rights and singles out law-abiding citizens under 21 for additional restrictions. As S‚Ä¶ https://t.co/5EuiCfTD3o,2022-06-24 17:15:40+00:00,12,2
RepMattGaetz,"RT @Firebrand_Pod: Episode 57 LIVE: Life Wins ‚Äì Firebrand with @RepMattGaetz 

#RoeVWade 

https://t.co/pB1rwp8ElP",2022-06-25 02:43:42+00:00,0,40
RepGallagher,Rep. Gallagher's statement following the Supreme Court's decision in Dobbs v. Jackson. https://t.co/tOlduXeYR5,2022-06-24 17:46:31+00:00,27,7
RepGarbarino,I voted against the Senate gun control bill. Read my full statement below. ‚¨áÔ∏è https://t.co/3aMYxytjqG,2022-06-24 19:53:36+00:00,6,0
RepMikeGarcia,Paying our troops a salary that puts them below the poverty line is a disservice to our nation. We must pay these p‚Ä¶ https://t.co/phSgLoxkRR,2022-06-25 20:17:00+00:00,18,5
RepBobGibbs,Now it is important for Americans to recognize the legitimacy of this ruling. We have recently seen attacks on cris‚Ä¶ https://t.co/vDyoLQlyFe,2022-06-24 15:07:01+00:00,9,3
RepCarlos,"I categorically condemn the unjust sentence of Maikel Osorbo and Otero Alcantara by the Castro criminal regime.

We‚Ä¶ https://t.co/IWqdRjLxTE",2022-06-26 12:22:58+00:00,5,1
replouiegohmert,"I have never sought a pardon for myself and anybody who says otherwise is a liar and possibly a lot worse.

https://t.co/WLdAQIAiee",2022-06-24 19:53:27+00:00,280,92
RepTonyGonzales,Grateful to be the guest of honor at the town hall meeting with the American Association of Physicians of Indian Or‚Ä¶ https://t.co/ydWxOEmDPY,2022-06-25 20:53:24+00:00,7,1
RepJenniffer,Discussing how federal funds we secured in Congress for transportation and water infrastructure projects are boosti‚Ä¶ https://t.co/b4lfqqiIVy,2022-06-23 16:19:11+00:00,17,2
RepAGonzalez,The choice is clear. We can either pass the Chips Act and unleash the largest investment in the history of our stat‚Ä¶ https://t.co/Sdv5szXCcH,2022-06-23 22:35:45+00:00,73,8
RepBobGood,We should match the courage of SCOTUS and boldly work in the days and weeks ahead to protect ALL life from concepti‚Ä¶ https://t.co/DzRlkDoq3V,2022-06-24 19:29:12+00:00,86,17
Lancegooden,"Remember when the Obama Administration used the IRS to target conservatives?

Watch what Democrats do with red flag laws.",2022-06-25 12:41:15+00:00,1209,336
RepGosar,"RT @KariLake: God bless these brave, righteous souls. 
#ProLife 
#RightSideOfHistory",2022-06-26 05:03:51+00:00,0,168
RepKayGranger,"June is National Men‚Äôs Health Month, which provides a good reminder for men to schedule routine cancer screenings.‚Ä¶ https://t.co/a9h90sK5cz",2022-06-26 13:01:00+00:00,1,2
RepGarretGraves,"We are LIVE now on Facebook. Head over to join our Facebook Live Townhall. 

https://t.co/nlss3hTdb6 https://t.co/OefnmzqX6p",2022-06-24 02:37:23+00:00,0,1
RepSamGraves,"I don‚Äôt support unconstitutional ""red flag"" laws. 

We can‚Äîand must‚Äîsecure our schools without trampling all over t‚Ä¶ https://t.co/7BXomusl6O",2022-06-24 18:54:04+00:00,16,3
RepMarkGreen,"This bill is yet another attack on our God-given right to self defense.

Watch my full remarks here: https://t.co/SZprhKjMrc",2022-06-24 16:35:13+00:00,22,6
RepMTG,This should be illegal. https://t.co/sAP5006vnH,2022-06-26 13:59:48+00:00,1243,294
RepMGriffith,"The Senate‚Äôs gun bill threatens the Second Amendment rights of law-abiding gun owners.

Read my full statement on o‚Ä¶ https://t.co/GPIZhpWA7w",2022-06-24 17:39:38+00:00,6,2
RepGrothman,"Congratulations to Grace Zhang, winner of the 2022 #WI06 Congressional Art Competition. Thanks for coming from‚Ä¶ https://t.co/09niqMFLGy",2022-06-24 19:36:30+00:00,1,0
RepMichaelGuest,Good luck to the Ole Miss Rebels tonight. These young men have made Mississippi proud.,2022-06-25 21:47:49+00:00,8,2
RepGuthrie,My statement on the Supreme Court‚Äôs decision on Dobbs v. Jackson Women‚Äôs Health Organization: https://t.co/S15S3izkWl,2022-06-24 14:44:22+00:00,7,4
RepHagedorn,"Proud to join @RepMann, @RepPfluger, @GOPLeader, and over 50 of my GOP colleagues in urging Biden to rectify the un‚Ä¶ https://t.co/3wDfnqxQxX",2022-02-16 21:22:55+00:00,70,36
RepAndyHarrisMD,The Supreme Court got it right‚¨áÔ∏è https://t.co/w12N8qpqDF,2022-06-24 17:26:12+00:00,70,13
RepHarshbarger,"Don‚Äôt stop praying! Our nation is fighting spiritual warfare everyday. Today, a crucial battle was won but we still‚Ä¶ https://t.co/sCoseSn0lJ",2022-06-24 20:23:48+00:00,98,18
RepHartzler,The pro-life movement has been fighting for every minute of the nearly five decades since Roe was issued for it to‚Ä¶ https://t.co/g1A7kYPXRn,2022-06-24 14:24:24+00:00,18,2
repkevinhern,RT @GOPLeader: President Biden has a Constitutional duty to keep Americans safe‚Äîhe must direct the Justice Department to deter and prevent‚Ä¶,2022-06-24 15:16:19+00:00,0,5833
RepHerrell,@sbaprolife is about to have the biggest afterparty of all time.,2022-06-24 14:34:25+00:00,2,0
HerreraBeutler,"If you need assistance with a federal agency like the State Department, VA, or Social Security - please contact me.‚Ä¶ https://t.co/fJWswAuWmP",2022-06-17 19:11:13+00:00,11,2
CongressmanHice,"RT @Rep_Clyde: Today is a momentous day for millions of unborn children and a historic win for the sanctity of human life.

Full statement‚Ä¶",2022-06-24 19:39:25+00:00,0,8
RepClayHiggins,The Supreme Court‚Äôs majority justices showed courage and resolve in standing by the leaked draft opinion. The radic‚Ä¶ https://t.co/yEmP7cCrW3,2022-06-24 19:23:12+00:00,28,8
RepFrenchHill,"Ultimately, the Senate gun control bill does not address the underlying issues of gun violence in America. While th‚Ä¶ https://t.co/9ReMu3EAqL",2022-06-24 20:20:31+00:00,4,0
RepAshleyHinson,There‚Äôs enough fentanyl in a sugar packet to kill over 500 people &amp; this lethal drug is being sent across our South‚Ä¶ https://t.co/3vfIWrN6dS,2022-06-25 18:26:25+00:00,25,6
RepTrey,ü¶àü¶àü¶à https://t.co/HWhkHVNzib,2022-04-06 22:07:12+00:00,5,2
RepRichHudson,"Today the House will consider gun control legislation passed by the Senate.

I‚Äôm glad mental health &amp; school safety‚Ä¶ https://t.co/tDDAa0Ps2i",2022-06-24 16:22:07+00:00,7,4
RepHuizenga,RT @HolmesJosh: This is one of the most breathtaking paragraphs of journalisming I‚Äôve seen in a long time. Returning power to electeds is n‚Ä¶,2022-06-26 13:08:26+00:00,0,65
repdarrellissa,Now would be a good time for the DOJ to start enforcing the law and protecting Supreme Court justices and their fam‚Ä¶ https://t.co/DLDWnuB4vx,2022-06-25 13:58:04+00:00,2457,623
RepRonnyJackson,I just voted NO on the HORRIBLE gun control legislation from the Senate! I will NEVER give an inch on our God-given‚Ä¶ https://t.co/h3CBZFNDou,2022-06-24 17:21:30+00:00,144,33
RepJacobs,Today I voted for the Bipartisan Safer Communities Act - a comprehensive gun safety package designed to reduce gun‚Ä¶ https://t.co/KJ4JsUgUO4,2022-06-24 21:35:53+00:00,8,1
RepBillJohnson,My statement on today‚Äôs vote. https://t.co/CxiQjNgnon,2022-06-24 22:28:13+00:00,3,2
RepDustyJohnson,I‚Äôve never believed the Roe v. Wade decision ‚Äì which was ultimately a personal privacy case ‚Äì was a justification t‚Ä¶ https://t.co/NjpmUP34i4,2022-06-24 15:46:00+00:00,64,5
RepMikeJohnson,Our newest Republican Member @repmayraflores said it do well yesterday‚Ä¶ https://t.co/1ZCQOmXSPG,2022-06-26 00:48:59+00:00,240,62
Jim_Jordan,"Coming up on Sunday Morning Futures with @MariaBartiromo next.

Tune in to Fox News now!",2022-06-26 14:13:33+00:00,148,20
RepDaveJoyce,"When it's signed into law, we will have empowered states to address the unique safety needs of their communities an‚Ä¶ https://t.co/WbywzESs82",2022-06-24 19:58:46+00:00,2,0
RepJohnJoyce,"Today‚Äôs decision by the Supreme Court to overturn Roe v. Wade is a victory for life, as well as the rule of law. 
T‚Ä¶ https://t.co/zfQNOpyCyc",2022-06-24 16:30:22+00:00,14,4
RepJohnKatko,(4/4) Americans should not have to choose between spending their life savings at the gas station or spending hundre‚Ä¶ https://t.co/XkUjQD2xme,2022-06-23 20:32:04+00:00,5,2
RepFredKeller,‚ÄúLifting the $0.18 federal gas tax would do little to provide relief to Americans when the national average price f‚Ä¶ https://t.co/ZX82WGR8r1,2022-06-25 21:26:32+00:00,13,5
MikeKellyPA,"As we move forward, I encourage everyone to remember a core tenet of this country that still holds true today: each‚Ä¶ https://t.co/MA2XqfkNbC",2022-06-24 14:31:29+00:00,9,0
RepTrentKelly,What a game! https://t.co/CjCwkQnt4o,2022-06-26 02:46:02+00:00,15,2
RepYoungKim,"""Our nation honors her sons and daughters who answered the call to defend a country they never knew and a people th‚Ä¶ https://t.co/bBdFqg9nHT",2022-06-26 00:21:22+00:00,32,9
RepKinzinger,It‚Äôs chilling to think where we'd be without the DOJ officials who upheld their oath to serve their country &amp; refus‚Ä¶ https://t.co/X9X0q8UEVI,2022-06-24 21:27:27+00:00,2001,230
RepDavidKustoff,"I met with former NBA player @EnesFreedom, an outspoken fighter for civil rights in countries like China and Turkey‚Ä¶ https://t.co/OXM0bxI3bW",2022-06-25 22:11:03+00:00,196,41
RepLaHood,"As a father of three and a Pro-Life advocate, I applaud the Supreme Court's decision in the Dobbs case. Today is a‚Ä¶ https://t.co/p2DStNB06b",2022-06-24 15:43:12+00:00,237,28
RepLaMalfa,Excessive excise taxes on firearms &amp; ammunition hinder Americans‚Äô ability to exercise their unalienable #2A rights.‚Ä¶ https://t.co/sIutcD8WS3,2022-06-25 14:51:00+00:00,13,3
RepDLamborn,"I applaud SCOTUS for making the right decision! The 1973 Roe v. Wade decision, made half a century ago, was tragica‚Ä¶ https://t.co/zI9eBXK8Pj",2022-06-24 15:16:57+00:00,418,65
boblatta,Have you herd? June is #NationalDairyMonth! Ag producers across Ohio continue to make sure that we are able to have‚Ä¶ https://t.co/vOUiAowQl5,2022-06-24 18:00:02+00:00,3,1
RepLaTurner,"WATCH: President Biden vowed to end American energy dominance and now Kansans are paying the price.

The White Hous‚Ä¶ https://t.co/1t4LOuJSUp",2022-06-25 18:37:40+00:00,6,2
RepDLesko,"Monica from our office attended the grand opening for Benefitness. Benefitness is an adaptive gym where everyone, r‚Ä¶ https://t.co/47ZQXHsn4k",2022-06-25 20:18:13+00:00,22,4
RepJuliaLetlow,"‚ÄúYears from now, we will tell our children and grandchildren about the day when the United States finally and firml‚Ä¶ https://t.co/81ecdnEasr",2022-06-24 17:12:40+00:00,54,14
USRepLong,"Under @JoeBiden's direction the @USAID sent a $105 million food insecurity aid package, not for Americans attending‚Ä¶ https://t.co/QZv9wW60yN",2022-06-24 17:05:51+00:00,4,2
RepLoudermilk,"[6/6] Supreme Court opinions in history, which held that the right to privacy, protected by the Constitution, gives‚Ä¶ https://t.co/MkJ9o8kT7R",2022-06-24 14:26:02+00:00,5,0
RepFrankLucas,I applaud the Supreme Court's decision to overturn Roe v. Wade. Life is a miracle and should be protected at its ea‚Ä¶ https://t.co/yu6gdMxZpg,2022-06-24 14:47:53+00:00,3,2
RepBlaine,https://t.co/UO9NiQNQgA,2022-06-24 15:10:36+00:00,84,17
RepNancyMace,"üê∂This is Jefferson, an 8 week old German Shorthaired Pointer who lives on Hilton Head Island with his parents Bo an‚Ä¶ https://t.co/grEiaj0cUh",2022-06-25 20:13:54+00:00,41,1
RepMalliotakis,It was great to be with Vienna from @sewfalcons this morning to celebrate her winning this year's Congressional Art‚Ä¶ https://t.co/BsLzW62pQf,2022-06-24 15:42:32+00:00,12,3
RepMann,"China poses as one of the greatest threats to our free nation, and House Dems are giving the CCP even more ways to‚Ä¶ https://t.co/LTxdfh2Hgo",2022-02-09 20:13:06+00:00,17,7
RepThomasMassie,RT @NatlGunRights: @RepThomasMassie is right. To read why we oppose Red Flag gun confiscation click here: https://t.co/vK4GfWSrkr https://t‚Ä¶,2022-06-25 09:44:29+00:00,0,261
RepBrianMast,Toxic algal blooms are currently covering 200+ square miles on Lake O - the equivalent of all of Martin County east‚Ä¶ https://t.co/DcySEgo2ue,2022-06-26 14:11:00+00:00,8,4
GOPLeader,Pray for the safety of our Supreme Court Justices. For churches across the country. And for crisis pregnancy center‚Ä¶ https://t.co/nmQyivLhv9,2022-06-25 17:13:31+00:00,9429,1328
RepMcCaul,The Biden administration‚Äôs chaotic and deadly Afghanistan withdrawal cost the lives of 13 U.S. servicemembers and a‚Ä¶ https://t.co/czCuuL2FDY,2022-06-24 18:49:03+00:00,19,9
RepLisaMcClain,"RT @newsmax: ""You're a member of Congress, it is your job to deescalate the situation, not throw a tantrum like a three-year old in the gro‚Ä¶",2022-06-25 19:45:57+00:00,0,372
RepMcClintock,Instead of treating law-abiding citizens like criminals we should start treating CRIMINALS like criminals. Stop the‚Ä¶ https://t.co/FpY9LEqZ9D,2022-06-24 19:54:03+00:00,963,297
PatrickMcHenry,Today marked an important step forward in our fight to protect the lives of the unborn and end the tragedy of abort‚Ä¶ https://t.co/4NQkOrQENg,2022-06-24 15:11:29+00:00,4,2
RepMcKinley,"Today, the Supreme Court has taken a historic step to correct a decades-old error and overturn Roe v. Wade. I appla‚Ä¶ https://t.co/Tqj6M0Cuc5",2022-06-24 15:45:54+00:00,11,2
RepMeijer,One bill will not solve broader issues of violence/mental health; that requires communities coming together to addr‚Ä¶ https://t.co/7zuT8C5n4f,2022-06-24 18:41:51+00:00,66,2
RepMeuser,My statement on my SB 2938 vote: https://t.co/FpHwYkfFr2,2022-06-24 21:44:38+00:00,1,2
RepMMM,"Be sure to sign up for my weekly newsletter!

https://t.co/5Ki5LPjdn4",2022-06-26 14:01:08+00:00,1,1
RepCarolMiller,"RT @SteveScalise: RT to THANK everyone in the #ProLife movement who peacefully marched, prayed, and launched legal battles for nearly 50 ye‚Ä¶",2022-06-24 19:13:54+00:00,0,360
RepMaryMiller,We are rejoicing to the utmost! Praise God for this victory for LIFE! https://t.co/4D4O07xstG,2022-06-24 15:27:54+00:00,877,151
RepMoolenaar,"RT @EricLloyd: INBOX | @9and10News 

@RepMoolenaar weighs in:

‚ÄúI have always believed that future generations will look back on permissive‚Ä¶",2022-06-24 14:50:57+00:00,0,3
RepAlexMooney,"On this Sunday, I continue to thank God for the Supreme Court's decision to protect millions of innocent lives. God Bless America!",2022-06-26 14:15:00+00:00,4,1
RepBarryMoore,"The most fundamental job of a Congressman is to protect your liberties, and I take that duty incredibly seriously.‚Ä¶ https://t.co/du5qbfz8hn",2022-06-24 18:47:59+00:00,5,0
RepBlakeMoore,I‚Äôm joining @kslnewsradio in a few moments to talk about the Supreme Court‚Äôs historic decision to overturn Roe v. Wade. Tune in! #utpol,2022-06-24 17:29:02+00:00,6,1
RepMullin,Our Constitutional rights will always prevail. #WeeklyWrapUp https://t.co/WttxtQyBBa,2022-06-24 21:23:04+00:00,20,2
RepGregMurphy,@NCStoney16 An ectopic pregnancy is life threatening and would not be affected by this ruling.,2022-06-26 01:35:18+00:00,0,0
RepTroyNehls,"PROMISES MADE, PROMISES KEPT! https://t.co/rqMrJFknPI",2022-06-24 14:48:00+00:00,1828,480
RepNewhouse,"President Biden's proposed tax holiday would only save Americans 18 cents per gallon.
 
Gas prices are already over‚Ä¶ https://t.co/1K08caSqLn",2022-06-25 19:43:00+00:00,4,1
RepRalphNorman,Abortion as a method of birth control ‚â† reproductive healthcare.,2022-06-24 21:20:40+00:00,38,5
RepDevinNunes,I‚Äôll be discussing news of the day on the Ray Appleton show today at 3:00 PM EST/12:00 noon PST on KMJ 580 AM/105.9‚Ä¶ https://t.co/iyOj3oY1Zi,2020-08-07 18:07:05+00:00,66,20
JayObernolte,"Thank you to all who participated in last night‚Äôs virtual town hall! If you haven't already, please sign up for my‚Ä¶ https://t.co/U5Oil57xAY",2022-06-24 20:29:59+00:00,1,1
RepBurgessOwens,Today's reversal of Roe v. Wade is 50 years overdue. The power once again resides in the states and belongs to the‚Ä¶ https://t.co/Dr6hAJR2RA,2022-06-24 14:46:40+00:00,603,124
CongPalazzo,"Happy to join Mayor Vaughan, Chief of Police David Bever, and other city officials and law enforcement in Gautier t‚Ä¶ https://t.co/yRsXuFKja5",2022-06-24 20:31:31+00:00,5,2
USRepGaryPalmer,"Today, we celebrate a decision by the Supreme Court that will save the lives of countless unborn Americans. While t‚Ä¶ https://t.co/PQke8X0PjU",2022-06-24 16:38:41+00:00,36,12
RepGregPence,"Today is a new day for our nation ‚Äì when Life wins, Freedom wins. As a father and grandfather, I am happy to see th‚Ä¶ https://t.co/QGSdoT8C4X",2022-06-24 14:43:50+00:00,16,4
RepScottPerry,"Today‚Äôs SCOTUS decision is a monumental victory for the unborn, and Constitutionally restores the rights of the Sta‚Ä¶ https://t.co/SQLxxyRWZz",2022-06-24 15:00:28+00:00,132,20
RepPfluger,Praying for our firefighters and first responders in Palo Pinto County! https://t.co/cB5lNMVEh0,2022-06-26 13:31:55+00:00,3,2
congbillposey,Thank you @replouiegohmert for speaking out on behalf those of us who wrote to the FDA &amp; for being a voice for Amer‚Ä¶ https://t.co/YmwThUNNkR,2022-06-15 18:45:53+00:00,79,38
RepAmata,"Our flag of American Samoa was raised at the Museum of American History, joining the 50 states. Attorney General Ut‚Ä¶ https://t.co/F6JjltdoAF",2022-06-20 20:57:07+00:00,7,0
GReschenthaler,"Democrats are blaming soaring gas prices on everything but their disastrous policies. 

Americans know who to blame.",2022-06-25 21:51:00+00:00,36,7
RepTomRice,I get a lot of letters. Some bad. Mostly good. But I particularly liked this one. https://t.co/LzY7VR8uEd,2022-06-14 20:45:21+00:00,1476,122
cathymcmorris,"It was so fun showing Megan from Spokane where her beautiful mixed media drawing, ‚ÄúKia Kaha,‚Äù is hanging in the U.S‚Ä¶ https://t.co/Oj936ognvF",2022-06-25 20:00:00+00:00,16,1
RepHalRogers,"While there are other portions of this bill that are worthy of support, it does not do enough to protect the Consti‚Ä¶ https://t.co/5jkhWKBMAt",2022-06-24 19:29:19+00:00,9,1
RepMikeRogersAL,"Today, the Supreme Court made the right decision to protect the innocent lives of unborn children.

I am proud of t‚Ä¶ https://t.co/ITWeoUOztp",2022-06-24 14:39:38+00:00,192,39
RepJohnRose,Federal Reserve Chairman Powell confirmed what we knew all along: inflation isn't because of Putin's disgraced inva‚Ä¶ https://t.co/dDQxSIdfpw,2022-06-25 22:00:01+00:00,14,6
RepRosendale,"The Biden administration continues to inhibit oil and gas production in the U.S.

Americans will not see lowered en‚Ä¶ https://t.co/uMh7sDBsvE",2022-06-25 21:18:14+00:00,23,7
RepDavidRouzer,Today's ruling is a significant win for life. https://t.co/fc2s443zGV,2022-06-24 16:41:15+00:00,16,2
RepChipRoy,RT @2A_Freedom: Strong from @RepChipRoy,2022-06-24 16:56:30+00:00,0,28
RepRutherfordFL,My statement on the Bipartisan Safer Communities Act: https://t.co/tTBzhkUcqZ,2022-06-24 21:17:03+00:00,15,2
RepMariaSalazar,"¬øEs due√±o de un peque√±o negocio interesado o involucrado en el Comercio Internacional?

¬°√önase a m√≠ este jueves par‚Ä¶ https://t.co/o5agQD6Poq",2022-06-22 19:17:29+00:00,15,6
SteveScalise,"RT @HouseGOP: ""What a historic day this is, and what a great victory for life...But the work just beings to go and protect life..because th‚Ä¶",2022-06-24 21:13:23+00:00,0,104
RepDavid,The issue of abortion is profoundly personal for myself and my family. I hope with this ruling that others may rece‚Ä¶ https://t.co/UN4M7BQtXN,2022-06-24 20:18:18+00:00,18,1
AustinScottGA08,My statement on SCOTUS decision to overturn Roe v. Wade: https://t.co/MJ0JQklgeN,2022-06-24 14:41:55+00:00,7,4
PeteSessions,https://t.co/NBxth2bGdZ,2022-06-25 22:56:28+00:00,13,4
CongMikeSimpson,"With Community Project Funding, I secured over $3M in the FY23 Ag Approps bill to construct an education facility f‚Ä¶ https://t.co/osKku0QaHn",2022-06-25 23:25:39+00:00,5,1
RepAdrianSmith,"Life is a miracle that begins at conception. While today‚Äôs decision is a win for life, our work does not end here.‚Ä¶ https://t.co/l1IeaElFKZ",2022-06-24 16:13:37+00:00,27,6
nan,@TexasVC Nice Aeron! It gets the most requests at our store.,2022-06-26 13:11:50+00:00,1,0
RepJasonSmith,"Fresno County, CA spent $225,000 from the American Rescue Plan to promote the first-ever National Garlic Festival.‚Ä¶ https://t.co/daE0SdVZLy",2022-06-24 17:50:51+00:00,20,9
RepSmucker,"The latest edition of my e-newsletter will be delivered later today, sign up now to receive it! https://t.co/Bi079Zuk9t",2022-06-26 14:00:01+00:00,2,1
RepSpartz,"This week, the House passed the ‚ÄòIMPACT Act‚Äô amendment I co-led with @RepDean, which is important to fight the opio‚Ä¶ https://t.co/Jh3etBr3dX",2022-06-24 17:32:38+00:00,5,3
RepPeteStauber,Today‚Äôs historic ruling by the Supreme Court will save countless innocent lives. Read my full statement below. https://t.co/uNjkmYZxq0,2022-06-24 14:44:53+00:00,28,8
RepSteel,This move is a critical misstep that undermines the existing law and betrays the close ally we have in Israel. https://t.co/yntdrWrlek,2022-06-23 21:01:00+00:00,12,2
RepStefanik,"Fort Drum is critical to our nation‚Äôs military readiness and national security.
 
I am proud to secure provisions t‚Ä¶ https://t.co/Th2vesQ57e",2022-06-25 21:09:13+00:00,111,13
RepBryanSteil,The Racine County Dairy Breakfast was crowded despite the rain. Great to see everyone today at the Malchine‚Äôs farm. https://t.co/GY5MkdO1LK,2022-06-25 21:55:46+00:00,10,2
RepGregSteube,"The Left hailed SCOTUS for allowing them to murder unborn babies for decades.

Now the Left is trying to cancel the‚Ä¶ https://t.co/ghlSAVfrjo",2022-06-25 18:51:39+00:00,74,29
RepChrisStewart,https://t.co/Mpet0FyC9F,2022-06-24 21:24:06+00:00,22,1
RepVanTaylor,Biden's irresponsible actions and foreign policy disasters embolden our adversaries. Praying for the people of Ukra‚Ä¶ https://t.co/u5272uTVdx,2022-02-24 20:00:20+00:00,54,11
claudiatenney,AOC was there. https://t.co/ba2jzlBLgj,2022-06-26 03:41:46+00:00,45,8
CongressmanGT,"Today‚Äôs Supreme Court decision returns the authority to regulate abortion to the states, through the people and their elected officials. 2/2",2022-06-24 18:46:53+00:00,9,0
RepTiffany,Today‚Äôs landmark ruling is a historic victory for human rights. This decision paves the way for us to protect all life.,2022-06-24 15:37:38+00:00,19,8
RepTimmons,"In Congress, I will continue to fight extreme and radical abortion policies and to ensure that our taxpayer dollars‚Ä¶ https://t.co/OpcAbIR0Fu",2022-06-24 16:01:45+00:00,7,0
RepMikeTurner,The employees of our military base child care centers deserve proper compensation for the invaluable work they do.‚Ä¶ https://t.co/7keDXd2ltJ,2022-06-25 15:00:00+00:00,6,3
RepFredUpton,Today we turn tears into action and give our thoughts and prayers meaning... Read my full statement on the bipartis‚Ä¶ https://t.co/m3xnsJznCE,2022-06-24 17:46:47+00:00,13,5
RepDavidValadao,"Today during the @HouseAppropsGOP markup of the FY23 Ag, Rural Development, and FDA appropriations bill we had an e‚Ä¶ https://t.co/33f5uhzjB0",2022-06-24 00:30:00+00:00,3,3
nan,@TexasVC Nice Aeron! It gets the most requests at our store.,2022-06-26 13:11:50+00:00,1,0
RepBethVanDuyne,Hypocrisy at its finest. https://t.co/0yXic1t17F,2022-06-25 15:09:46+00:00,30,13
RepVeasey,"As co-founder of the @CVRCaucus, I will never stop fighting to #RestoreTheVote.",2022-06-25 18:29:55+00:00,1,1
RepAnnWagner,Today I spoke at the House Republicans press conference on the Supreme Court‚Äôs decision to overturn Roe v Wade and‚Ä¶ https://t.co/cYzbzAesB6,2022-06-24 18:10:39+00:00,18,5
RepWalberg,This targeted violence has hit my district and it is long past time for @POTUS to unequivocally condemn it. https://t.co/nXohinLnlh,2022-06-24 16:00:33+00:00,8,2
RepWalorski,Threats &amp; attacks on crisis pregnancy centers are indefensible. Every American should be appalled that radical acti‚Ä¶ https://t.co/YUS3m3RdaA,2022-06-24 18:03:39+00:00,8,3
michaelgwaltz,"Congress has NEVER passed federal legislation, one way or another, on abortion. Roe v. Wade was overreaching &amp; unco‚Ä¶ https://t.co/j2MW0i934M",2022-06-24 21:13:49+00:00,71,16
RepDWStweets,This extremist #SCOTUS majority just eroded women's rights and now threaten our right to marry who we love and cont‚Ä¶ https://t.co/yUoPphnghB,2022-06-25 21:37:16+00:00,30,16
TXRandy14,A great day in history! The voiceless will finally have a voice. I am proud to stand on the side of LIFE. https://t.co/tmxImxzp4M,2022-06-24 18:49:14+00:00,222,37
RepWebster,I voted against the Senate's gun control bill today due to concerns that it erodes law-abiding citizens' #2A rights‚Ä¶ https://t.co/CNPb2sdA0D,2022-06-24 17:35:00+00:00,6,2
RepBradWenstrup,RT @GOPDoctors: Our statement on the Supreme Court ruling below https://t.co/xpcikUXej0,2022-06-24 21:13:52+00:00,0,2
RepWesterman,The DOJ must do its job and protect the innocent Americans that are continually threatened by far-left extremists.‚Ä¶ https://t.co/cWBseT2YEn,2022-06-24 20:51:12+00:00,1,2
RepRWilliams,I will always stand for the #2A and I cannot vote for a bill that would strip law abiding citizens of their constit‚Ä¶ https://t.co/0WKxGjl3ld,2022-06-24 19:25:17+00:00,10,1
RepJoeWilson,Grateful the EU has officially granted candidate status for membership to Ukraine and Moldova. This represents a mo‚Ä¶ https://t.co/6HinpTn4tO,2022-06-24 19:15:24+00:00,9,3
RobWittman,"""Congress must address the shortcomings of the Biden administration‚Äôs policies toward China, making the hard choice‚Ä¶ https://t.co/aCoCGJlFhZ",2022-06-17 16:37:16+00:00,13,5
rep_stevewomack,"RT @HouseAppropsGOP: Committee Republicans Object to Homeland Security and Financial Services-General Government Bills

See what @RepKayGra‚Ä¶",2022-06-24 22:57:27+00:00,0,3
repdonyoung,"Following the ceremony, the entire program will be re-broadcast on C-SPAN at 4:00pm AK time/8:00pm ET.",2022-03-29 00:14:42+00:00,11,3
RepLeeZeldin,"If a DA acts as if that acronym stands for ‚ÄúDefense Attorney‚Äù instead of ‚ÄúDistrict Attorney‚Äù, that alone should ser‚Ä¶ https://t.co/zqoYkRLJTh",2022-06-26 02:38:39+00:00,556,136
SenatorBaldwin,My statement on on the Supreme Court overturning Roe and Wisconsin women being taken back to 1849: https://t.co/ETWk1QBy7C,2022-06-24 15:30:03+00:00,719,201
SenatorBennet,"The Supreme Court ruling on Roe denies women freedom, liberty, and human rights.",2022-06-25 21:45:00+00:00,1519,251
SenBlumenthal,"Wonderful Bicentennial Parade in Orange‚Äîlots of tractors, fife and drum corps, floats, and enthusiastic well wisher‚Ä¶ https://t.co/xhn0xPxOUU",2022-06-26 00:15:03+00:00,134,10
CoryBooker,"The Fierce Urgency of Now - When injustice becomes law, non-violent resistance becomes duty. The urgent question is‚Ä¶ https://t.co/7W5jaVcG3X",2022-06-25 15:45:05+00:00,1078,213
SenSherrodBrown,"Starbucks workers across Ohio are making history. Congratulations to these Cincinnati workers, who will now have a‚Ä¶ https://t.co/OpFOTfKEdc",2022-06-25 14:40:00+00:00,291,35
SenatorCantwell,"RT @bradmwarren: WATCH: @SenatorCantwell tells me this was a shock wave, pointing out to me that she was in Spokane recently and spoke with‚Ä¶",2022-06-25 20:01:07+00:00,0,6
SenatorCardin,Good morning Chesapeake City! It‚Äôs a gorgeous day out here. Myrna and I were up early to congratulate participants‚Ä¶ https://t.co/Ca3PBaKFVp,2022-06-25 14:04:44+00:00,17,2
SenatorCarper,Heading to Rehoboth Beach this summer? Consider taking advantage of Rehoboth‚Äôs newly sustainable Park and Ride. It‚Äô‚Ä¶ https://t.co/TFBOj21sGG,2022-06-25 19:34:00+00:00,6,3
SenBobCasey,"OTD in 1938, the minimum wage was established in the Fair Labor Standards Act. It was critical in building the midd‚Ä¶ https://t.co/Oe6DIfPRyV",2022-06-25 14:34:00+00:00,77,13
ChrisCoons,Today‚Äôs decision guts 50 years of established precedent ‚Äì and takes away a fundamental freedom for women to make th‚Ä¶ https://t.co/InCqj5P2fh,2022-06-24 17:53:24+00:00,71,23
SenCortezMasto,"Today, women across America woke up with fewer rights than their mothers before them. I trust women to make their o‚Ä¶ https://t.co/IFqkmdqsPl",2022-06-25 23:57:51+00:00,177,43
SenDuckworth,"As co-founder and co-chair of the @EJusticeCaucus, I look forward to speaking with @CEJNetwork, Southeast Environme‚Ä¶ https://t.co/EsRaiUWcCm",2022-06-25 21:15:49+00:00,47,12
SenatorDurbin,"This is no longer the Roberts Court. He has the title, but Alito and Thomas have the votes.¬†https://t.co/4911gpNMuN",2022-06-25 17:24:11+00:00,301,85
SenFeinstein,The only option is for Congress to pass a law to restore women‚Äôs reproduction rights and ensure control over their‚Ä¶ https://t.co/ylJDRgB7gH,2022-06-24 16:12:51+00:00,183,44
SenGillibrand,"You deserve the basic, fundamental right to bodily autonomy. It is unconscionable for our government to force you t‚Ä¶ https://t.co/FQzewd9gg1",2022-06-25 21:21:17+00:00,970,105
SenatorHassan,"SIGNED. Today, for the first time in a generation, commonsense gun safety legislation was signed into law. 

This b‚Ä¶ https://t.co/SfmxwTMDxg",2022-06-25 15:57:55+00:00,43,12
MartinHeinrich,"Republicans in the Senate continue to block debate on legislation to codify reproductive rights, but they can‚Äôt blo‚Ä¶ https://t.co/cewTjQOw6L",2022-06-24 14:49:33+00:00,102,17
SenatorHick,"Today @POTUS signed gun safety legislation into law for the first time in decades.

Now let‚Äôs make sure we measure‚Ä¶ https://t.co/izWArIXyBg",2022-06-26 00:15:11+00:00,53,4
maziehirono,We must rally together and elect more Democrats in November to protect our Democracy and our civil rights. #RoeVsWade,2022-06-24 17:57:30+00:00,339,81
timkaine,"In 2016, with a vacancy on the Court, Trump promised to elevate Justices to overturn Roe. 3 Trump Justices later, S‚Ä¶ https://t.co/fVL0MZQEb0",2022-06-25 16:46:59+00:00,496,109
SenMarkKelly,"Arizona has restrictive bans already on the books that will take away abortion access, without exceptions even in t‚Ä¶ https://t.co/KoxISV7tg6",2022-06-24 20:01:25+00:00,2147,447
SenAmyKlobuchar,Was great to be in Hennepin County with domestic violence prevention advocates discussing the Senate‚Äôs historic vot‚Ä¶ https://t.co/uQ0IkYQJdK,2022-06-26 01:48:14+00:00,139,19
SenatorLeahy,Statement On Signing Of The Bipartisan Safer Communities Act For Commonsense Gun Safety Reforms‚Ä¶ https://t.co/8ZCSPFt1tD,2022-06-25 15:31:35+00:00,13,7
SenatorLujan,"RT @SenatorLujan: SCOTUS just sent our country backwards, where now Americans cannot attain the medical care they were once constitutionall‚Ä¶",2022-06-25 01:21:45+00:00,0,73
Sen_JoeManchin,My statement on the decision by the Supreme Court of the United States to overturn Roe v. Wade: https://t.co/b8bYUP6Zy5,2022-06-24 15:02:25+00:00,4788,953
SenMarkey,If this extremist Court will dismantle something as fundamental as the right for an American to make decisions abou‚Ä¶ https://t.co/Y3K5Oja5i4,2022-06-24 18:33:04+00:00,456,94
SenatorMenendez,They‚Äôre betting on you thinking they won‚Äôt do it. They will.,2022-06-25 23:52:49+00:00,77,18
SenJeffMerkley,RT @clackamascounty: Need a place to stay cool during the heat of the day? Visit https://t.co/QeD9RsF8Y9 or https://t.co/FTNt4EQJEu or dial‚Ä¶,2022-06-25 21:10:45+00:00,0,5
ChrisMurphyCT,"RT @RuralChrisLee: It‚Äôs hard to have faith in a lot of things right now, but the passage of this law is a good thing for the country. Sen.‚Ä¶",2022-06-25 22:45:31+00:00,0,51
PattyMurray,"Yesterday‚Äôs Supreme Court decision is a five-alarm fire, and we need bold action to protect access to abortion even‚Ä¶ https://t.co/14up89b9Qu",2022-06-25 23:47:30+00:00,338,75
ossoff,RT @SenOssoff: Sen. @ossoff statement on Dobbs v. Jackson Women‚Äôs Health Organization. https://t.co/3x3VyNP98d,2022-06-24 21:42:50+00:00,0,130
SenAlexPadilla,"SCOTUS Thursday: States shouldn‚Äôt be trusted to regulate guns.
 
SCOTUS Friday: States should be trusted to make pe‚Ä¶ https://t.co/vKIi5wCN4t",2022-06-26 00:04:00+00:00,409,103
SenGaryPeters,I‚Äôm going to do everything possible to fight to protect a woman‚Äôs right to make her own health care decisions with‚Ä¶ https://t.co/4yzromyxy8,2022-06-25 20:40:32+00:00,123,16
SenJackReed,Great to join @CityofEastProv Mayor Bob DaSilva &amp; East Providence LGBTQI+ Advisory Council for 1st annual EP Pride‚Ä¶ https://t.co/OkcmoNivs3,2022-06-25 21:56:28+00:00,21,7
SenJackyRosen,"Alongside @GovSisolak and @PPVotesNevada today, I‚Äôm saying loud and clear: this fight for reproductive rights is fa‚Ä¶ https://t.co/fypNDjMTEg",2022-06-25 02:13:03+00:00,84,22
SenBrianSchatz,"Her portrait, which we unveiled in the Capitol today, will serve as a reminder of her enduring legacy. https://t.co/Aqm57piIZR",2022-06-23 15:03:51+00:00,34,6
SenSchumer,"RT @Quicktake: ‚ÄúMillions and millions of American women are having their rights ripped away by a MAGA hard-right Supreme Court,‚Äù Senate Maj‚Ä¶",2022-06-24 20:44:53+00:00,0,116
SenatorShaheen,School meal programs have been a lifeline for families during the pandemic ‚Äì glad to see @POTUS sign into law this‚Ä¶ https://t.co/P21GZbPCWf,2022-06-25 17:11:00+00:00,29,11
SenatorSinema,Arizonans: #IndieWeekAZ starts today! Support Arizona‚Äôs independent businesses and #GoLocal to fuel our state‚Äôs con‚Ä¶ https://t.co/m3KB86G3fm,2022-06-25 22:46:03+00:00,16,4
SenTinaSmith,"RT @SenWarren: Six justices have overturned Roe, but the Supreme Court doesn‚Äôt get the final say on abortion. The American people do.

We m‚Ä¶",2022-06-25 14:16:48+00:00,0,1141
SenStabenow,"RT @GovWhitmer: Because of a temporary injunction, abortion is still legal in Michigan.",2022-06-26 01:09:48+00:00,0,10565
SenatorTester,"This week, our bill to investigate the policies used to harm Native American families and dismantle their cultures,‚Ä¶ https://t.co/Lbcdgtoonp",2022-06-25 22:30:05+00:00,218,35
ChrisVanHollen,#OTD 84 years ago the Fair Labor Standards Act became law. Today the fight to support workers continues by updating‚Ä¶ https://t.co/hVm8p9clhO,2022-06-25 17:59:02+00:00,31,8
MarkWarner,Decades of work led to this moment ‚Äî glad to see Pres Biden sign this into law. It‚Äôs an incredible step towards mak‚Ä¶ https://t.co/urVSVVHnWt,2022-06-25 14:42:14+00:00,149,20
SenatorWarnock,The brave servicemembers at @USAGStewartHAAF help ensure Georgia remains at the forefront of our national security‚Ä¶ https://t.co/KCvdeVT62E,2022-06-25 21:45:00+00:00,91,26
SenWarren,"RT @ThisWeekABC: EXCLUSIVE: Following the overturning of Roe v. Wade, @MarthaRaddatz goes one-on-one with @SenWarren about what democrats i‚Ä¶",2022-06-26 01:00:40+00:00,0,59
SenWhitehouse,https://t.co/SGZAxwthnZ,2022-06-25 21:08:31+00:00,3386,1511
RonWyden,So great to be back today at one of my favorite places ‚Äî the @HollywoodSenCen ‚Äî for a fabulous community block part‚Ä¶ https://t.co/7mEbKhV2En,2022-06-25 23:43:06+00:00,65,10
RepAdams,"RT @RepBarbaraLee: Today‚Äôs Supreme Court decision ending Roe v. Wade is a gut punch and an attack on reproductive freedom.

People should b‚Ä¶",2022-06-25 23:38:18+00:00,0,153
RepPeteAguilar,"Make no mistake, right-wing Republicans are going to use today‚Äôs devastating decision to implement a nationwide abo‚Ä¶ https://t.co/aGxhcKCid0",2022-06-24 14:32:18+00:00,55,12
RepColinAllred,"Nine years ago, SCOTUS gutted the Voting Rights Act, launching a new era of voter suppression. As a voting rights a‚Ä¶ https://t.co/IYBEzeX5hT",2022-06-25 15:37:23+00:00,64,15
RepAuchincloss,"I am outraged that SCOTUS has rolled back the fundamental right for a woman to seek a safe abortion

While we are w‚Ä¶ https://t.co/C6NrSaEYxI",2022-06-24 14:56:13+00:00,59,20
RepCindyAxne,"The only people who should be involved in women's health care decisions are women, their families, and their doctor‚Ä¶ https://t.co/CIFCyfIyiR",2022-06-24 18:52:12+00:00,102,24
RepBarragan,"This is what leadership looks like.  

Proud of my friend, @CHCI President @MarcoADavis for standing up &amp; speaking‚Ä¶ https://t.co/quhCxyn54S",2022-06-25 00:20:50+00:00,9,4
RepKarenBass,I will always fight to protect the rights of women everywhere. https://t.co/AjQxMFbX98,2022-06-25 02:29:05+00:00,187,36
RepBeatty,"For the first time in 30 years, Congress just sent a gun reform bill to @POTUS' desk.

This is the culmination of s‚Ä¶ https://t.co/foKsPurkWN",2022-06-24 17:56:52+00:00,14,4
RepBera,"I will never stop fighting for a woman‚Äôs right to make her own health decisions, including access to full reproduct‚Ä¶ https://t.co/5vSLHRY2qJ",2022-06-24 15:33:41+00:00,12,5
RepDonBeyer,Republican Congresswoman from Illinois who last year said ‚ÄúHitler was right about one thing‚Äù https://t.co/0cd5hCLX7D,2022-06-26 14:00:26+00:00,33,10
SanfordBishop,"Yesterday, I led the approval of the FY23 Ag, Rural Development, Food and Drug Administration, and Related Agencies‚Ä¶ https://t.co/ve1Wzla2k3",2022-06-24 22:20:00+00:00,3,1
repblumenauer,https://t.co/H2iZ6GbNZL,2022-06-24 14:33:35+00:00,70,16
RepLBR,"RT @POTUS: I just signed into law the Bipartisan Safer Communities Act. While this bill doesn't do everything I want it to, it does include‚Ä¶",2022-06-25 16:52:45+00:00,0,1828
RepBonamici,"RT @CityofBeaverton: Notice: Due to high weekend temperatures, the Beaverton Community Center will be open for adults in need of overnight‚Ä¶",2022-06-24 23:26:41+00:00,0,9
RepBourdeaux,Gun violence is the leading cause of death for children. I voted for the Bipartisan #SaferCommunities Act to improv‚Ä¶ https://t.co/iJ3GmSZIGf,2022-06-24 17:52:06+00:00,13,2
RepBowman,"We must prevail, and I believe we will.",2022-06-24 14:34:38+00:00,26,2
CongBoyle,LINK TO STMT: https://t.co/mrVoYtfrvF,2022-06-24 17:31:22+00:00,0,1
RepAnthonyBrown,Honored to preside over the debate for the Bipartisan #SaferCommunities Act. The toll of gun violence is personal.‚Ä¶ https://t.co/54nwpLdzWY,2022-06-24 20:27:42+00:00,24,9
RepShontelBrown,"I am so proud to be standing next to our 2022 #OH11 Art Competition piece. This charcoal drawing entitled, ‚ÄúSevente‚Ä¶ https://t.co/XiLqG3bbKn",2022-06-25 19:09:48+00:00,77,9
RepBrownley,"But there is so much more to do, especially in light of yesterday‚Äôs Supreme Court decision that sadly goes in the o‚Ä¶ https://t.co/poXmXNYLza",2022-06-24 18:19:03+00:00,6,0
RepCori,"When the news broke about the far-right SCOTUS decision, I was with @SecBecerra at @PPSLR‚Äî the same clinic where I‚Ä¶ https://t.co/QrxuGDtCXi",2022-06-25 02:25:06+00:00,150,21
RepCheri,Yesterday‚Äôs #SCOTUS ruling affects everyone and puts additional rights in jeopardy. This is about protecting our fu‚Ä¶ https://t.co/MimaVG9YRy,2022-06-25 23:35:55+00:00,18,4
GKButterfield,Today is a sad day in American jurisprudence.,2022-06-24 14:40:33+00:00,22,7
RepCarbajal,"Thank you @POTUS for signing this important bill!

This new law will reduce gun violence and save lives. https://t.co/J56siq9gNj",2022-06-25 18:05:15+00:00,17,5
RepAndreCarson,Today is a terrible day in America for women and all Americans who value the freedom to make their own medical deci‚Ä¶ https://t.co/U5Q4Em6eCp,2022-06-24 14:33:50+00:00,319,67
RepTroyCarter,This is the reality my constituents now face. Over 700 miles lie between them and the healthcare services they need‚Ä¶ https://t.co/nanQOowO5O,2022-06-26 00:17:31+00:00,48,20
RepCartwright,"My statement regarding today's Supreme Court ruling:
https://t.co/2k4Lq8dPbi",2022-06-24 17:23:57+00:00,7,4
RepEdCase,"I focused in our FY23 Homeland Security Appropriations measure on cybersecurity, our US Coast Guard, FEMA/emergency‚Ä¶ https://t.co/WcXglkU53F",2022-06-25 22:10:43+00:00,2,2
RepCasten,RT @RepLoriTrahan: Today marks 7 years since the Supreme Court's Obergefell decision legalized same-sex marriage. This anniversary is more‚Ä¶,2022-06-26 13:27:30+00:00,0,16
USRepKCastor,"Protesting in front of Supreme Court today! 

To people young and old - but especially YOUNG people - this must be‚Ä¶ https://t.co/cWIPGMyidx",2022-06-26 02:46:19+00:00,22,7
JoaquinCastrotx,"RT @ExpressNews: Bexar DA vows to protect women, LGBTQ community in wake of SCOTUS abortion ruling https://t.co/jo9nSKBSYT",2022-06-26 14:18:55+00:00,0,8
RepJudyChu,"RT @CAPAC: Today, the Supreme Court released their decision in Dobbs v. Jackson Women's Health Organization‚Äîeffectively overturning Roe and‚Ä¶",2022-06-24 22:56:23+00:00,0,6
RepCicilline,The Senate needs to abolish the filibuster and pass the Women‚Äôs Health Protection Act NOW. https://t.co/6ZirxKggbR,2022-06-24 14:22:20+00:00,26,9
RepKClark,"We just sent the first gun reform bill to the President‚Äôs desk in 30 years. 

I know today may feel hopeless - hear‚Ä¶ https://t.co/7IRlozNglg",2022-06-24 17:50:18+00:00,63,11
RepYvetteClarke,"My full statement on yesterday‚Äôs tragic SCOTUS decision:

üëáüèæüëáüèæüëáüèæ https://t.co/oDE4vhTbGq",2022-06-25 23:09:48+00:00,19,11
repcleaver,More information on the Bipartisan #SafeCommunities Act and my support for this commonsense gun safety legislation‚Ä¶ https://t.co/NSj86IBuU4,2022-06-24 20:45:29+00:00,4,0
WhipClyburn,"Today, @HouseDemocrats took significant action to help families feed their children.
¬†
The #KeepKidsFed Act will su‚Ä¶ https://t.co/zjLluIRlMO",2022-06-24 21:29:45+00:00,110,32
RepCohen,RT @mhikaric: I am so proud of @HelsinkiComm Cochairman @RepCohen for introducing this important resolution calling Russia's atrocities in‚Ä¶,2022-06-25 23:47:05+00:00,0,89
GerryConnolly,"In a matter of days, this Supreme Court has weakened your Miranda Rights, nullified century-old gun safety laws, an‚Ä¶ https://t.co/CGUvikZHt5",2022-06-25 18:21:52+00:00,222,71
repjimcooper,The fight isn‚Äôt over; much more still needs to be done to protect children and families from gun violence. I proudl‚Ä¶ https://t.co/vv3Ly1RYcw,2022-06-24 17:33:27+00:00,13,1
RepLouCorrea,"This decision should be left to a woman, her doctor, and her God. We cannot allow SCOTUS to reconsider past rulings‚Ä¶ https://t.co/Sefyr8jhHv",2022-06-24 20:37:00+00:00,31,10
RepJimCosta,"Here‚Äôs a few things the Bipartisan #SaferCommunities Act will do to help save lives:
‚úÖ Support state red flag laws‚Ä¶ https://t.co/79HLJapij0",2022-06-24 19:05:00+00:00,9,5
RepJoeCourtney,"Healthy school meals are absolutely crucial to a child‚Äôs growth and learning.

This week, we passed the bipartisan‚Ä¶ https://t.co/yTr7esjamH",2022-06-25 19:47:19+00:00,10,3
RepAngieCraig,3 months isn‚Äôt nearly long enough ‚Äì but it‚Äôs a step in the right direction. We need to do everything in our power t‚Ä¶ https://t.co/d87JDsQhhA,2022-06-25 21:06:00+00:00,10,6
RepCharlieCrist,"Proud to support the LGBTQI+ Data Inclusion Act to include voluntary data on LGBTQI+ Americans in federal surveys,‚Ä¶ https://t.co/D3kKqw6nrH",2022-06-25 15:06:00+00:00,18,9
RepJasonCrow,"When I was elected to this seat, I promised Coloradans that I would fight to protect our community from gun violenc‚Ä¶ https://t.co/XgDCozF1ae",2022-06-25 16:32:44+00:00,183,14
RepCuellar,RT @jackfitzdc: Appropriators adopt a measure by @chelliepingree to allow DHS secretary to increase the limit on H-2B visas if necessary to‚Ä¶,2022-06-24 21:43:43+00:00,0,2
RepDavids,"Supply chain issues &amp; price increases have made running a small business more difficult in the last year.

My bill‚Ä¶ https://t.co/w0QQRAGMln",2022-06-25 20:31:00+00:00,51,10
RepDannyDavis,"At the personal invitation of @POTUS I will be attending a ceremony for the signing of my legislation, related to V‚Ä¶ https://t.co/QxD2viaqg3",2022-06-06 17:23:18+00:00,17,3
RepDean,"The 5-4 decision to overturn Roe proves THEY LIED. 

We MUST end the filibuster to protect abortion access. 

And c‚Ä¶ https://t.co/yIjImsu18O",2022-06-25 17:37:20+00:00,110,20
RepPeterDeFazio,We must channel our anger into passion &amp; passion into action. Congress has a responsibility to mobilize in the face‚Ä¶ https://t.co/pYONmpiOP6,2022-06-25 00:25:46+00:00,12,4
RepDianaDeGette,"Make no mistake: For Republicans, overturning Roe v. Wade is just the first step in their plan to completely outlaw‚Ä¶ https://t.co/vqNmgxWW51",2022-06-24 22:10:00+00:00,165,47
rosadelauro,"I walked to the Supreme Court with¬†@HouseDemocrats¬†to denounce this horrifying decision on Roe v. Wade.
¬†
We cannot‚Ä¶ https://t.co/eM8QdzLjdN",2022-06-24 16:37:29+00:00,253,48
RepDelBene,It was great to meet with Peter Lee of Interlake High School this week to celebrate his winning Congressional Art C‚Ä¶ https://t.co/Rs3yVb9v7R,2022-06-26 00:08:54+00:00,10,2
repdelgado,Thank you to the people of #NY19. Thank you for trusting me to represent you in Congress. Thank you for staying act‚Ä¶ https://t.co/TDbz1nSjVD,2022-05-25 18:00:18+00:00,92,11
RepValDemings,Freedom means the ability to live your life as YOU choose ‚Äì and that means you get to control your own body and you‚Ä¶ https://t.co/1IVWUM0jYM,2022-06-26 14:03:21+00:00,822,190
RepDeSaulnier,I was proud to join them as they celebrated their anniversary &amp; will continue to work in Congress to ensure all Ame‚Ä¶ https://t.co/7kDHT8hx3z,2022-06-26 00:12:51+00:00,10,2
RepTedDeutch,I dedicated my vote today to the 17 killed at MSD and to every life lost and cut short who inspired us to take acti‚Ä¶ https://t.co/f6fiFBlaGQ,2022-06-24 18:41:56+00:00,16,4
RepDebDingell,The Bipartisan #SaferCommunities Act is a small but meaningful step in the right direction. Our work is far from ov‚Ä¶ https://t.co/Cnavman8xW,2022-06-25 20:36:53+00:00,25,6
RepLloydDoggett,Building successful climate relief means not surrendering to climate grief. Our new project on Texas water faces th‚Ä¶ https://t.co/WbHU1VKavf,2022-06-26 00:13:12+00:00,13,3
USRepMikeDoyle,"Today @POTUS signed the Bipartisan #SaferCommunities Act, which I voted for. It will:
‚úÖ Support state red flag laws‚Ä¶ https://t.co/s7fhzmOITk",2022-06-25 20:04:17+00:00,6,6
RepEscobar,"This is one of the clearest, most precise description of what is happening to women as we have become second class citizens in America.",2022-06-26 14:00:42+00:00,12,2
RepAnnaEshoo,RT @WhiteHouse: Happening now: President Biden delivers remarks on the Supreme Court decision on Dobbs v. Jackson Women's Health Organizati‚Ä¶,2022-06-24 16:37:59+00:00,0,508
RepEspaillat,I look forward to seeing everyone Sunday for my annual #PrideMonth breakfast honoring LGBTQIA+ leaders in my distri‚Ä¶ https://t.co/FAMJUMO29t,2022-06-25 23:08:58+00:00,4,4
RepDwightEvans,Today is LGBT Equality Day because 2 landmark Supreme Court decisions protecting marriage equality were issued on t‚Ä¶ https://t.co/VPHUDXUIYN,2022-06-26 14:23:56+00:00,0,1
RepFletcher,"Happy Houston #Pride, y'all! Have a safe and fun celebration! https://t.co/BJzyCPqKoY",2022-06-25 17:30:27+00:00,64,10
RepBillFoster,"I began yesterday marching at the Supreme Court, and ended it protesting in Naperville and Aurora. 

This battle wo‚Ä¶ https://t.co/Zlio9KcFec",2022-06-25 22:40:50+00:00,52,9
RepLoisFrankel,RT @RepJudyChu: Statement from the leads of the Women's Health Protection Act on the heels of the Supreme Court's decision on Dobbs v. Jack‚Ä¶,2022-06-24 20:24:32+00:00,0,34
RepRubenGallego,"Keep it up and keep hydrated. We won‚Äôt back down from the fight for reproductive freedom. 

I‚Äôm humbled by the stor‚Ä¶ https://t.co/E0KADX6mSM",2022-06-24 20:20:13+00:00,463,61
RepGaramendi,The lawful segregation of American society on the basis of race is too recent to be the punchline of a snide quip.‚Ä¶ https://t.co/NugWeUevhH,2022-06-25 17:40:13+00:00,20,7
RepChuyGarcia,RT @USProgressives: We won‚Äôt stop saying it. And we won‚Äôt stop fighting for it. https://t.co/4jCMoMpY9X,2022-06-25 21:53:59+00:00,0,23
RepSylviaGarcia,"It was an incredibly busy week serving residents across TX-29.

Watch my weekly update video below to learn how I s‚Ä¶ https://t.co/3jBCY4IebY",2022-06-25 01:41:12+00:00,9,3
RepGolden,Today‚Äôs Supreme Court opinion is a grave mistake that will have serious and harmful consequences for millions of wo‚Ä¶ https://t.co/QCaQRTirkx,2022-06-24 16:38:39+00:00,30,13
RepJimmyGomez,"Cue the fireworks! üéÜ 

Had such a fun time at @Kdeleoncd14 #ElSereno Fireworks Show and Concert! Great to see #CA34‚Ä¶ https://t.co/6mmzLGNe5c",2022-06-26 04:23:27+00:00,6,1
RepGonzalez,"Great news! @UTRGV will receive $31,000 from @HHSgov to fund drug abuse and addiction research programs. https://t.co/s25fTLDobk",2022-06-25 20:59:50+00:00,9,2
RepJoshG,"@CNN @NewDay The bipartisan legislation strengthens background checks for those under 21, helps put in place red fl‚Ä¶ https://t.co/J5UMLiunbf",2022-06-25 21:46:29+00:00,4,0
RepAlGreen,Proud ally! üè≥Ô∏è‚Äçüåà #HoustonPride #Pride2022 https://t.co/0MmnlJri13,2022-06-26 03:45:46+00:00,26,4
RepRaulGrijalva,"I voted to pass the Bipartisan Safer Communities Act, critical gun safety legislation at a time when SCOTUS ruled t‚Ä¶ https://t.co/0zSpJBydSD",2022-06-24 18:28:42+00:00,23,6
RepJoshHarder,https://t.co/Cvn2hvQj5b,2022-06-24 14:46:50+00:00,60,8
RepJahanaHayes,For full statement: https://t.co/24DChBz3mX,2022-06-24 17:34:21+00:00,2,0
RepBrianHiggins,"During the @HHCWNY annual breakfast we awarded service medals to Vietnam vet Luis Sierra.

Sierra deployed to Vietn‚Ä¶ https://t.co/vE06FvbBNr",2022-06-25 18:22:10+00:00,3,1
jahimes,RT @jbendery: welp https://t.co/xgMDIVojed,2022-06-24 23:13:55+00:00,0,124
RepHorsford,"‚ÄúI know community violence intervention programs work because I‚Äôve seen when you give young people an opportunity,‚Ä¶ https://t.co/aVA6McHdRF",2022-06-26 02:40:02+00:00,7,6
RepHoulahan,"Week In Review:

‚úÖPassed the NDAA out of committee with 10 of my Amendments

üìöIntroduced the CLIMB Act to promote c‚Ä¶ https://t.co/pq8czszgez",2022-06-24 20:36:42+00:00,10,2
LeaderHoyer,"Today marks nine years since the disastrous Shelby Co. v. Holder decision, penned by Republican-appointed Justices,‚Ä¶ https://t.co/YeDUOnx2Fu",2022-06-25 18:38:10+00:00,49,11
RepHuffman,It's a heartbreaking day‚Äîbut @Housedemocrats aren't stepping down on our work to build a better America. We just se‚Ä¶ https://t.co/vBFOqjwSWr,2022-06-24 18:42:53+00:00,17,3
JacksonLeeTX18,We cannot stop now; there have been too many deaths and too many children never seeing another day. Enough is enough!,2022-06-25 02:48:55+00:00,20,3
RepSaraJacobs,"While yesterday‚Äôs devastating decision from SCOTUS to overturn Roe v. Wade weighs on us heavily, you still have rep‚Ä¶ https://t.co/HlKVfxgUIv",2022-06-25 20:25:22+00:00,30,15
RepJayapal,"RT @commondreams: ""This Supreme Court is out of touch with the American people and increasingly suffers a legitimacy crisis."" @RepJayapal h‚Ä¶",2022-06-26 12:34:48+00:00,0,42
RepJeffries,The right-wing ideologues on the Supreme Court have zero legitimacy.,2022-06-25 11:00:00+00:00,6008,1195
RepEBJ,"‚ÄúI was wrong,‚Äù she added.

Sarah feared this day might come. In her memory, let us renew our commitment to the figh‚Ä¶ https://t.co/lr4rINIZ9w",2022-06-24 16:52:40+00:00,117,14
RepHankJohnson,"On this #WorldVitiligoDay2022, we remember Michael Jackson and come together as a community to raise awareness for‚Ä¶ https://t.co/CevzoTWnKJ",2022-06-25 21:24:14+00:00,12,4
RepMondaire,A reminder to my Republican colleagues that innocent people don‚Äôt preemptively ask for pardons.,2022-06-26 12:25:00+00:00,107,15
RepMarcyKaptur,"The Seniors Farmers' Market Nutrition Program is near and dear to my heart.

I'm working to grow it so that even mo‚Ä¶ https://t.co/TSMXKYFo4v",2022-06-23 19:35:35+00:00,15,5
USRepKeating,"Abortion care should be accessible to all, not just those who live in the right part of the country or have the fin‚Ä¶ https://t.co/3hRnWIvhAM",2022-06-24 17:26:55+00:00,13,1
RepRobinKelly,Thank you to Mayor Hofeld for having me and to everyone involved in completing this incredible project.,2022-06-25 18:21:03+00:00,4,2
RepRoKhanna,"As @RevDrBarber, @liztheo &amp; @shaillybarnes explain, low-income women, women of color &amp; LGBTQIA+ people who already‚Ä¶ https://t.co/jNLVGaqlF6",2022-06-25 20:01:09+00:00,61,24
RepDanKildee,The Bipartisan #SaferCommunities Act is commonsense legislation to help protect our kids and communities from gun v‚Ä¶ https://t.co/6WI8sU0Qsl,2022-06-25 14:29:36+00:00,4,3
RepDerekKilmer,I am deeply concerned that today‚Äôs Supreme Court decision could lead to the erosion of further rights that we hold‚Ä¶ https://t.co/dLmQfgonIi,2022-06-25 01:00:18+00:00,23,5
RepAndyKimNJ,"This Monday, June 27th at 5:30 p.m., Congressman Kim will host a town hall to discuss his work in Washington to sup‚Ä¶ https://t.co/uJ8LhPX2k2",2022-06-25 17:19:24+00:00,9,3
RepRonKind,My statement on SCOTUS‚Äôs decision to overturn Roe v. Wade: https://t.co/uvhYUCFj4M,2022-06-24 15:26:43+00:00,19,8
RepKirkpatrick,"I know digesting news is difficult &amp; we may feel despair but we must come together and find solutions. 

We just pa‚Ä¶ https://t.co/JBEkNjplvO",2022-06-24 17:51:59+00:00,13,3
CongressmanRaja,We must act swiftly to strengthen other fundamental rights before they too are stripped away but an increasingly ex‚Ä¶ https://t.co/3JnceOCwiz,2022-06-25 23:00:19+00:00,232,63
RepAnnieKuster,The House passed legislation to codify the precedent of Roe v. Wade ‚Äî I will continue working with my colleagues to‚Ä¶ https://t.co/Onz2CLZ6y8,2022-06-24 14:52:07+00:00,28,5
RepConorLamb,Today I voted to pass The Bipartisan Safer Communities Act to reduce gun violence &amp; make communities &amp; schools in‚Ä¶ https://t.co/QpgOgN4tYw,2022-06-24 17:50:52+00:00,53,10
JimLangevin,"President Biden just signed legislation that breaks 30 years of gridlock on gun safety. 

It is not a perfect bill.‚Ä¶ https://t.co/EID6QZwfIi",2022-06-25 15:21:22+00:00,6,3
RepRickLarsen,"PASSED ‚û°Ô∏è The #SaferCommunities Act passed with bipartisan support, 234-193. The bill now heads to @POTUS's desk. https://t.co/fmxEZke4Cu",2022-06-24 19:00:33+00:00,7,2
RepJohnLarson,"This week we recognize the anniversary of #TitleIX, which has protected gender equality in education for 50 years.‚Ä¶ https://t.co/kXNIrw0nWf",2022-06-25 14:00:01+00:00,2,1
RepLawrence,"In just the last two days, SCOTUS ruled that guns have more rights than women. It makes me sick to my stomach.",2022-06-24 20:08:55+00:00,40,10
RepAlLawsonJr,"RT @POTUS: I just signed into law the Bipartisan Safer Communities Act. While this bill doesn't do everything I want it to, it does include‚Ä¶",2022-06-25 21:31:13+00:00,0,1828
RepBarbaraLee,"RT @YasminMSNBC: ‚ÄúThis is part of a long-term agenda of the far-right extremist Republicans to begin to erode our democratic rights,"" @RepB‚Ä¶",2022-06-25 21:29:46+00:00,0,32
RepSusieLee,"The Supreme Court has overturned Roe v. Wade.

The stances are clear.

Republicans have fought this extremist crusa‚Ä¶ https://t.co/vsoqub41ff",2022-06-25 18:30:04+00:00,68,23
RepTeresaLF,New Mexico residents affected by the ongoing wildfires may benefit from a U.S. Small Business (SBA) Loan. If you ha‚Ä¶ https://t.co/GeRGLG6bAd,2022-06-25 14:12:35+00:00,6,4
RepAndyLevin,I‚Äôm grateful that Beaumont-Spectrum has reversed course. We must continue to make clear that abortion services rema‚Ä¶ https://t.co/IN1SHYFJsU,2022-06-26 03:31:19+00:00,47,10
RepMikeLevin,"Today is a dark day for our country. This decision is devastating, but I will keep fighting in Congress to ensure w‚Ä¶ https://t.co/DwrYeTxIbC",2022-06-24 19:04:58+00:00,50,14
RepTedLieu,Pleased Congress came together to pass the Bipartisan #SaferCommunities Act. While more action is needed to address‚Ä¶ https://t.co/N9u5wWbfh1,2022-06-24 19:23:12+00:00,37,12
RepZoeLofgren,"The House just sent the bipartisan #SaferCommunities Act to @POTUS‚Äôs desk. It will:

‚úîÔ∏èEnhance background checks
‚úîÔ∏è‚Ä¶ https://t.co/RA7jEP9632",2022-06-24 20:51:29+00:00,47,12
RepLowenthal,"It is simply not our place, any of us, to decide whether a woman should get an abortion. Of one thing I am certain.‚Ä¶ https://t.co/ns4SP6eHt3",2022-06-24 15:25:47+00:00,17,1
RepElaineLuria,"As a @NavalAcademy graduate and 20-year Navy veteran, I always enjoy meeting with our service academy nominees and‚Ä¶ https://t.co/yD71I5ELvg",2022-06-25 18:15:30+00:00,40,6
RepStephenLynch,My full statement on the Supreme Court‚Äôs decision to overturn Roe v. Wade: https://t.co/iUgJp0kgCN,2022-06-24 17:44:51+00:00,21,5
RepMalinowski,".@POTUS just signed the Bipartisan Safer Communities Act into law!! This deal is far less than we need, but more th‚Ä¶ https://t.co/43CcfsG7yJ",2022-06-25 19:28:07+00:00,184,53
RepMaloney,"The Pride Parade is about to start!

To kick it off, former Councilmember @Dromm25, LGBTQI+ advocates, &amp; I called o‚Ä¶ https://t.co/8h3pQ1Xr3X",2022-06-26 14:19:19+00:00,3,5
RepSeanMaloney,RT @TheSundayShow: THIS MORNING: @RepSeanMaloney is stopping by @TheSundayShow to share his perspective on how he thinks the overturning of‚Ä¶,2022-06-26 14:24:00+00:00,0,14
RepKManning,"I proudly voted to pass the Bipartisan Safer Communities Act, legislation that will help states effectively impleme‚Ä¶ https://t.co/hra6UHhNgo",2022-06-24 19:05:16+00:00,6,4
DorisMatsui,"But #WeWontBackDown. We must continue to fight for the right to control our medical decisions and our lives. 

We m‚Ä¶ https://t.co/4d8S98R8vW",2022-06-24 16:01:58+00:00,12,2
RepLucyMcBath,"Our success today will never be the end of this fight, but the beginning.

Each day that goes by where we learn the‚Ä¶ https://t.co/krR6wamRN3",2022-06-24 20:40:24+00:00,37,4
BettyMcCollum04,Great to have the support of nonprofit leaders for my legislation (H.R. 7587) which would give the sector‚Ä¶ https://t.co/BnOWPlelyN,2022-06-26 00:22:00+00:00,11,4
RepMcEachin,@JennMcClellanVA @row_zik_ee @MarkWarner @timkaine I‚Äôm also a proud member of the LGBTQ+ Equality Caucus in Congres‚Ä¶ https://t.co/XfVULKIODI,2022-06-24 18:18:05+00:00,5,1
RepMcGovern,Hundreds of members of Congress marched to the Supreme Court today when the decision came out to deliver a clear an‚Ä¶ https://t.co/v9dog5Oxab,2022-06-24 23:59:55+00:00,152,28
RepMcNerney,This Court is a partisan body that is no longer a legitimate arbiter of our Constitution. https://t.co/MGJFykbWgJ,2022-06-24 19:40:04+00:00,56,11
RepGregoryMeeks,"Today the House passed the Bipartisan Safer Communities Act, which will expand background checks for those 18-21 ye‚Ä¶ https://t.co/u2Dkw7hlOr",2022-06-25 00:31:07+00:00,20,7
RepGraceMeng,"We're deeply troubled over reports &amp; rumors that Glenn Hirsch, the #Queens man arrested for murdering #ForestHills‚Ä¶ https://t.co/gQ872LoMwO",2022-06-25 22:38:16+00:00,71,25
RepKweisiMfume,Please visit the following link for my formal statement: https://t.co/1AbY4daTgu,2022-06-24 19:58:07+00:00,2,0
RepGwenMoore,I‚Äôm so pleased that the Bipartisan Safer Communities Act includes a measure I‚Äôve long championed to help close the‚Ä¶ https://t.co/rdJGJSUYtu,2022-06-25 14:32:04+00:00,17,3
RepJoeMorelle,"It‚Äôs hard to comprehend this is 21st century America and not the 1700s. 

Young girls growing up today will have fe‚Ä¶ https://t.co/zuMdSrtPKZ",2022-06-26 13:00:05+00:00,7,3
RepMrvan,"I stand with every woman today, and will continue to fight for a country in which all women, including my two daugh‚Ä¶ https://t.co/MZBC8Keq4t",2022-06-24 16:23:43+00:00,18,5
RepStephMurphy,"One year ago today, the President signed our #Pulse National Memorial bill into law. Orlando still aches for the 49‚Ä¶ https://t.co/yN90IY4k6s",2022-06-25 16:01:16+00:00,27,3
RepJerryNadler,"Incredible showing of mass solidarity in NY tonight against this mornings disgraceful SCOTUS ruling. 

It is crucia‚Ä¶ https://t.co/SjXXbRchQa",2022-06-25 02:08:10+00:00,328,67
gracenapolitano,The Bipartisan #SaferCommunities Act does the most critical thing any gun violence prevention bill can do: saves li‚Ä¶ https://t.co/UVQ9zE74ab,2022-06-24 18:29:33+00:00,1,1
RepRichardNeal,Today‚Äôs ruling is the dangerous culmination of Republicans‚Äô decades-long effort to roll back women‚Äôs freedoms and c‚Ä¶ https://t.co/ukOUvzSKe7,2022-06-24 14:48:52+00:00,30,12
RepJoeNeguse,"Today‚Äôs decision by the Supreme Court to overrule Roe v. Wade is a devastating one. 

The Congress must step up, an‚Ä¶ https://t.co/mNvaVuZNdF",2022-06-24 15:03:57+00:00,295,46
RepMarieNewman,‚úÖ Co-sponsored the Stop Anti-Abortion Disinformation Act to crack down on false information on abortion provided by‚Ä¶ https://t.co/OzjtOUM4yo,2022-06-25 18:34:38+00:00,5,2
DonaldNorcross,"For 7 years, our country has ensured marriage equality for millions of LGBTQ+ Americans. 

I have no patience for t‚Ä¶ https://t.co/ABh5uu1bFD",2022-06-26 13:04:00+00:00,2,1
EleanorNorton,"I‚Äôm outraged by today's SCOTUS decision overturning Roe, which poses a unique threat to women in DC.

Without‚Ä¶ https://t.co/PPOn2rYIiX",2022-06-24 16:04:35+00:00,129,46
RepOHalleran,"Two years ago, the Blue Water Navy Vietnam Veterans Act was signed into law, extending benefits to veterans exposed‚Ä¶ https://t.co/YwpAooJMrs",2022-06-25 22:15:00+00:00,5,2
RepAOC,"""To all of those who are watching today's events unfold in fear, in anger, in rage, in depression, and in anxiety,‚Ä¶ https://t.co/wA4k1ol52g",2022-06-24 21:02:29+00:00,3146,649
Ilhan,"You can read the full statement here:
https://t.co/mq1jKbGGOx",2022-06-24 14:23:00+00:00,162,26
FrankPallone,"FDA was right to pull JUUL from the market. 

This is a disturbing decision that will allow these dangerous product‚Ä¶ https://t.co/7i7x1CLIqi",2022-06-26 01:41:50+00:00,4,2
RepJimmyPanetta,The bipartisan Save Our Sequoias Act allows the federal government the chance to play its part with necessary fundi‚Ä¶ https://t.co/zbfxXZ092O,2022-06-26 02:24:31+00:00,13,4
RepChrisPappas,Today we took historic action to prevent senseless gun violence and save lives. This bill expands background checks‚Ä¶ https://t.co/6QEIRcId4F,2022-06-24 18:00:42+00:00,6,3
BillPascrell,RT @BillPascrell: This republican member of Congress tonight spewing racism beside donald trump praised hitler her first week in office. Th‚Ä¶,2022-06-26 14:05:24+00:00,0,405
RepDonaldPayne,"I supported the Senate's gun control bill because it keeps guns out of the hands of criminals, increases school pro‚Ä¶ https://t.co/5Sos1AqRDY",2022-06-24 18:00:11+00:00,6,3
SpeakerPelosi,"Over the last few days, the Supreme Court inflicted devastation on our nation. We must and will keep up the fight f‚Ä¶ https://t.co/wdXGXBKdIK",2022-06-26 02:41:05+00:00,1361,244
RepPerlmutter,"3/ will be left with uneven, unjust &amp; dangerous options for their reproductive healthcare needs. For too many women‚Ä¶ https://t.co/of1dDzhfcJ",2022-06-24 17:12:32+00:00,7,1
RepScottPeters,"The bipartisan work to keep our communities safe prevailed today. We still have a long road ahead, but we celebrate‚Ä¶ https://t.co/KWOVBadnQA",2022-06-24 19:57:48+00:00,4,2
RepDeanPhillips,Because the Secretary of State is probably fielding calls from leaders around the world asking how a nation known f‚Ä¶ https://t.co/rXe2fxdb3s,2022-06-26 00:56:21+00:00,489,61
chelliepingree,"After today‚Äôs Supreme Court decision, having a strong pro-choice governor is more critical than ever. Maine is fort‚Ä¶ https://t.co/vvCjdoCI9e",2022-06-25 00:05:22+00:00,83,15
StaceyPlaskett,"Yes Jeffrey Clark is a pettifogger.., lickspittle and quack also come to mind 

Oh, and criminal https://t.co/GXBkNthXhQ",2022-06-24 18:33:39+00:00,131,24
RepMarkPocan,"RT @taureansmall: ‚ÄúThis is an extreme position by this court‚Äù 
@RepMarkPocan reacts to the #SCOTUS decision to overturn Roe v Wade.

He oth‚Ä¶",2022-06-24 18:42:54+00:00,0,11
RepKatiePorter,"We can talk tomorrow about how this partisan ruling substitutes a political agenda for decades of precedent. 

Toda‚Ä¶ https://t.co/MHIY05Annj",2022-06-24 14:49:27+00:00,2956,409
RepPressley,"We're not backing down in the fight for reproductive freedom. We must:

‚ÄîDeclare a public health emergency
‚ÄîEnd the‚Ä¶ https://t.co/GhXnL6zDEb",2022-06-26 14:00:00+00:00,257,63
RepDavidEPrice,Congressman Price's Statement on the Death of Lisa Price. https://t.co/2BN5jPyIjA,2022-06-23 17:49:21+00:00,1523,106
RepMikeQuigley,I stand with my district when I say that I am disgusted by this week's SCOTUS decision. I will fight relentlessly f‚Ä¶ https://t.co/IZ0OfhWVR8,2022-06-25 21:16:00+00:00,71,15
RepRaskin,"Meantime, 16 states, including MD, are still free choice states for women. Next week I am introducing a Resolution‚Ä¶ https://t.co/NpCD4JX43s",2022-06-25 02:45:01+00:00,28387,5390
RepKathleenRice,"Spare me about the sanctity of life. Between yesterday's decision on guns and today's on choice, this Supreme Court‚Ä¶ https://t.co/E7Uoue1kG6",2022-06-24 14:52:30+00:00,93,28
RepDeborahRoss,Yesterday was a dark day in our history ‚Äì a day when millions of women lost their freedom and autonomy over their o‚Ä¶ https://t.co/ITY4iaml05,2022-06-25 14:04:14+00:00,10,2
RepRoybalAllard,"2/2

Nuestra ley estatal protege el derecho a las decisiones reproductivas personales.",2022-06-24 18:11:27+00:00,1,0
RepRaulRuizMD,"Today, we celebrate 4 years since the Blue Water Navy Veterans Act was signed into law, ensuring deserved benefits‚Ä¶ https://t.co/ieZrMKC1K4",2022-06-25 17:00:00+00:00,18,5
Call_Me_Dutch,"Today I + my fellow Appropriators advanced the FY23 Homeland Security funding bill, which includes $2M I fought for‚Ä¶ https://t.co/Km8j1QC4Xs",2022-06-24 21:02:39+00:00,1,1
RepBobbyRush,"RT @RepKClark: We just sent the first gun reform bill to the President‚Äôs desk in 30 years. 

I know today may feel hopeless - heartbreaking‚Ä¶",2022-06-24 18:16:54+00:00,0,11
RepTimRyan,We passed the Women‚Äôs Health Protection Act in the House when Roe was hanging in the balance. We knew this was comi‚Ä¶ https://t.co/I7BtZ3R3OX,2022-06-25 14:30:00+00:00,319,104
Kilili_Sablan,"The Marianas' '22 Congressional Art Competition winner Gericho Conge is now on display at the US Capitol, along wit‚Ä¶ https://t.co/bjcbsDGGTj",2022-06-24 02:00:00+00:00,0,0
GuamCongressman,"Guam Frontline HEROES ACT, save family of 12.

https://t.co/BTcYiRxmen",2020-05-17 15:15:17+00:00,84,13
RepLindaSanchez,"I am heartened by the progress made today, &amp; I will keep fighting alongside my colleagues in Congress to enact more‚Ä¶ https://t.co/MbolOwXMpp",2022-06-24 17:41:22+00:00,1,0
RepSarbanes,I was proud to vote in support of the Women‚Äôs Health Protection Act when it passed the House last year. I will cont‚Ä¶ https://t.co/SQVX3ts5yY,2022-06-24 18:45:19+00:00,13,2
RepMGS,"RT @RepSpeier: Roe may be dead but medication abortion used by 54% of women who have abortions is FDA approved, safe and effective. No clin‚Ä¶",2022-06-25 19:44:07+00:00,0,14672
janschakowsky,"After nearly 30 years of tireless advocacy, the House and Senate have finally passed a gun safety bill and @POTUS h‚Ä¶ https://t.co/PxrpsZ9ybb",2022-06-25 18:29:46+00:00,18,3
RepAdamSchiff,Abolish the filibuster. Codify Roe.,2022-06-24 22:00:00+00:00,185909,31926
RepSchneider,"Thank you Deerfield for coming out today and leading a great conversation on health care, fiscal responsibility, an‚Ä¶ https://t.co/AuDBmjUPfz",2022-06-25 19:01:24+00:00,3,1
RepSchrader,My statement on the Supreme Court‚Äôs decision to overturn Roe v. Wade: https://t.co/INk1vnWHSo,2022-06-24 17:20:00+00:00,18,5
RepKimSchrier,"In DC, I stopped by the Supreme Court after the decision overturning Roe v. Wade was announced. As the only pro-cho‚Ä¶ https://t.co/BzDXJ9Crse",2022-06-25 19:13:00+00:00,64,9
repdavidscott,"As a husband, a father, and a grandfather, I hope and pray for a future where women‚Äôs access to education, employme‚Ä¶ https://t.co/RjXDjsJ6U4",2022-06-24 16:24:20+00:00,13,4
BobbyScott,Great seeing Newport News Shipbuilding President Jennifer Boykin at the USS Montana Christening today! https://t.co/Waf04ZFg71,2022-06-26 01:40:48+00:00,10,3
RepTerriSewell,We in Congress cannot continue to sit by as our democracy comes under attack. I am once again calling on our Senato‚Ä¶ https://t.co/705amacHwb,2022-06-25 18:26:48+00:00,26,3
BradSherman,It was great to speak at the 7th Annual Valley #Pride hosted by @CD6Nury ‚Äî a wonderful and vibrant event where the‚Ä¶ https://t.co/Y7uPPgejbR,2022-06-26 06:25:49+00:00,19,3
RepSherrill,My team is at Morris County Pride today! Proud to join the many organizations participating to support and be a res‚Ä¶ https://t.co/Nsddqf9WZU,2022-06-25 20:02:33+00:00,50,4
RepSires,"This case fundamentally changes our nation in a way I never thought I would see, leaving millions of women without‚Ä¶ https://t.co/gumCdEZoz4",2022-06-24 17:34:28+00:00,2,0
RepSlotkin,"As I cast my ‚Äòyes‚Äô vote today, I was thinking about the students, parents, teachers and first responders in Oxford‚Ä¶ https://t.co/rgT6TubVwx",2022-06-24 21:02:25+00:00,27,4
RepAdamSmith,"9 years ago today, in Shelby County v. Holder, the Supreme Court struck down a key provision of the Voting Rights A‚Ä¶ https://t.co/RWZRkYWqj9",2022-06-25 17:00:00+00:00,8,5
RepDarrenSoto,RT @RepDarrenSoto: Proud to vote for legislation on the House floor yesterday to end price gouging and penalize market manipulators. It's t‚Ä¶,2022-06-26 14:10:38+00:00,0,13
RepSpanberger,"These commonsense measures are long overdue.

I am proud that my colleagues in the House and Senate from both sides‚Ä¶ https://t.co/e83hFMgY0g",2022-06-24 19:20:19+00:00,23,7
RepSpeier,"Yesterday was a dark day, but there is a path forward. We must elect 2 more pro-choice Senators willing to blow up‚Ä¶ https://t.co/bpx81ahDWr",2022-06-25 20:40:18+00:00,761,153
Rep_Stansbury,"RT @JamesPoliti: ‚ÄúFrightened, fired up, and activated‚Äù - ‚Å¶@Rep_Stansbury‚Å©, New Mexico Democrat, told me how millions are feeling about the‚Ä¶",2022-06-26 08:33:24+00:00,0,8
RepGregStanton,RT @PhoenixMercury: https://t.co/K2OR3xJSJd,2022-06-25 22:13:11+00:00,0,24
RepHaleyStevens,"Nearly 70% of Americans support abortion access.

This decision is NOT the will of the people. It is part of an ext‚Ä¶ https://t.co/cBP5yCL75i",2022-06-25 14:58:09+00:00,308,81
RepStricklandWA,"Read my statement below.

https://t.co/alSB1jtayn",2022-06-24 15:26:05+00:00,2,3
RepTomSuozzi,"Decade after decade, our country lived through mass shootings without Congress taking any meaningful¬†action to addr‚Ä¶ https://t.co/e5SNkiVm8u",2022-06-24 17:54:21+00:00,14,1
RepSwalwell,"Thank you to everyone who came out to stand up for women‚Äôs freedom today in Hayward.

It‚Äôs an honor to stand beside‚Ä¶ https://t.co/XnHdkpCoYK",2022-06-25 20:29:12+00:00,4694,529
RepMarkTakano,WE WILL NOT GO BACK. https://t.co/UJX1ay5IJG,2022-06-25 19:40:05+00:00,32,9
BennieGThompson,Congressman Bennie Thompson statement on Supreme Court‚Äôs decision to overturn Roe. v Wade: https://t.co/3OqrM9vCyV,2022-06-24 21:10:43+00:00,310,84
RepThompson,Congratulations to Oscar De Haro on his 17+ years of service as Superintendent of Student Affairs at Napa Valley Co‚Ä¶ https://t.co/xFlHbx5BYv,2022-06-26 01:40:02+00:00,7,1
repdinatitus,"Fewer Americans are dying of cancer because of progress in prevention, early detection, and treatment. This‚Ä¶ https://t.co/lBHeKBmEFP",2022-06-26 14:00:00+00:00,1,1
RepRashida,Today‚Äôs SCOTUS decision may feel overwhelming and confusing. I will not stop fighting until we ensure that EVERYONE‚Ä¶ https://t.co/nEAQkZEsLX,2022-06-24 21:04:14+00:00,199,20
RepPaulTonko,The will of the people of the United States cannot be held hostage to the whims of a handful of politicians in blac‚Ä¶ https://t.co/qN0RovySlO,2022-06-25 15:44:27+00:00,9,3
NormaJTorres,This court has abandoned our core value of liberty and decided that women are second-class citizens. We will not st‚Ä¶ https://t.co/ZCwnZ63RJ6,2022-06-24 19:56:18+00:00,64,16
RepRitchie,"The Supreme Court has held that women in 2022 should have less liberty, privacy, and equality - less control over t‚Ä¶ https://t.co/4vXkdYTLhL",2022-06-24 16:57:52+00:00,24,6
RepLoriTrahan,Today marks 7 years since the Supreme Court's Obergefell decision legalized same-sex marriage. This anniversary is‚Ä¶ https://t.co/TW0Cgm30sb,2022-06-26 13:21:40+00:00,46,17
RepDavidTrone,"This is the reality: overturning #RoeVWade will, without question, jeopardize the progress we've made in gender equ‚Ä¶ https://t.co/OO1iSA5XFI",2022-06-24 19:39:36+00:00,14,3
RepUnderwood,A child from my community wrote to me saying that they plan their exit routes whenever they're at school ‚Äî in case‚Ä¶ https://t.co/ArOAKOciSo,2022-06-26 01:00:00+00:00,315,58
RepJuanVargas,"RT @POTUS: Tune in as I sign into law S. 2938, the Bipartisan Safer Communities Act, and deliver remarks on reducing gun violence and savin‚Ä¶",2022-06-25 14:45:29+00:00,0,1721
RepFilemonVela,"Today would have been #C√©sarCh√°vez's 95th birthday.

On #C√©sarCh√°vezDay, I'm proud to co-sponsor a resolution that‚Ä¶ https://t.co/UzFQp1k5HH",2022-03-31 20:29:49+00:00,11,5
NydiaVelazquez,"RT @ABC: Following Friday's Supreme Court decision, House Democrats marched from the Capitol to the Supreme Court to protest abortion acces‚Ä¶",2022-06-25 13:38:21+00:00,0,2086
RepMaxineWaters,"RT @RepMaxineWaters: As a Member of Congress, I'm proud to have voted to protect abortion access. Today's SCOTUS decision makes it even mor‚Ä¶",2022-06-24 21:48:58+00:00,0,167
RepBonnie,RT @RepBonnie: The maternal mortality rate for Black women in the United States exceeds most of the industrialized world. Almost 3 times as‚Ä¶,2022-06-25 02:36:11+00:00,0,47
PeterWelch,This decision is the most significant attack on women‚Äôs rights in a generation. It is a disgrace. My full statement‚Ä¶ https://t.co/IyemIfwxdi,2022-06-24 15:33:01+00:00,41,12
RepWexton,RT @nicholaswu12: There‚Äôs a group of House Dems walking to the Supreme Court chanting: ‚Äúwe trust women. We won‚Äôt go back‚Äù https://t.co/R4IU‚Ä¶,2022-06-24 15:30:04+00:00,0,27
RepSusanWild,"The Bipartisan #SaferCommunities Act is a step in the right direction to help reduce gun violence.

I‚Äôm going to ke‚Ä¶ https://t.co/H13Qy68aW3",2022-06-24 18:28:50+00:00,6,1
RepNikema,"RT @Porter_Anderson: Media: @RepNikema (GA05) to @Acosta: The #RoeVWade ruling ""is a state of emergency for Black women who already, in hea‚Ä¶",2022-06-25 21:01:25+00:00,0,4
RepWilson,"This morning, I joined @FLOTUS, local and state leaders, along with survivors and families to mark the anniversary‚Ä¶ https://t.co/DdJbHsI3ej",2022-06-24 22:35:17+00:00,13,2
RepJohnYarmuth,"This will save lives ‚Äî period. But we can‚Äôt stop here, and we won‚Äôt stop here.",2022-06-24 21:18:24+00:00,19,2
